Date,Sales
2010-01-01,57.45
2010-01-02,64.3
2010-01-03,80.69
2010-01-04,83.74
2010-01-05,40.76
2010-01-06,30.68
2010-01-07,62.48
2010-01-08,66.67
2010-01-09,64.49
2010-01-10,84.26
2010-01-11,59.08
2010-01-12,42.42
2010-01-13,42.94
2010-01-14,15.19
2010-01-15,34.37
2010-01-16,68.17
2010-01-17,65.98
2010-01-18,75.78
2010-01-19,40.8
2010-01-20,23.12
2010-01-21,70.85
2010-01-22,61.81
2010-01-23,82.54
2010-01-24,64.7
2010-01-25,67.77
2010-01-26,60.92
2010-01-27,31.85
2010-01-28,59.28
2010-01-29,60.93
2010-01-30,81.86
2010-01-31,81.72
2010-02-01,108.36
2010-02-02,63.66
2010-02-03,37.81
2010-02-04,70.5
2010-02-05,56.11
2010-02-06,93.8
2010-02-07,65.74
2010-02-08,64.99
2010-02-09,71.11
2010-02-10,69.0
2010-02-11,64.93
2010-02-12,76.83
2010-02-13,90.25
2010-02-14,77.0
2010-02-15,78.11
2010-02-16,65.18
2010-02-17,77.65
2010-02-18,71.33
2010-02-19,55.88
2010-02-20,103.33
2010-02-21,97.05
2010-02-22,82.34
2010-02-23,84.79
2010-02-24,80.72
2010-02-25,83.54
2010-02-26,73.07
2010-02-27,97.1
2010-02-28,110.99
2010-03-01,110.25
2010-03-02,71.49
2010-03-03,65.47
2010-03-04,55.9
2010-03-05,70.57
2010-03-06,116.7
2010-03-07,129.08
2010-03-08,97.18
2010-03-09,96.29
2010-03-10,76.17
2010-03-11,65.24
2010-03-12,96.28
2010-03-13,129.85
2010-03-14,110.39
2010-03-15,123.84
2010-03-16,43.98
2010-03-17,85.03
2010-03-18,78.1
2010-03-19,88.17
2010-03-20,109.88
2010-03-21,82.75
2010-03-22,98.64
2010-03-23,90.11
2010-03-24,96.26
2010-03-25,70.34
2010-03-26,81.76
2010-03-27,102.13
2010-03-28,127.37
2010-03-29,107.85
2010-03-30,77.71
2010-03-31,82.62
2010-04-01,80.31
2010-04-02,109.08
2010-04-03,99.7
2010-04-04,109.22
2010-04-05,97.45
2010-04-06,64.04
2010-04-07,79.61
2010-04-08,82.93
2010-04-09,94.71
2010-04-10,106.71
2010-04-11,92.82
2010-04-12,96.86
2010-04-13,80.6
2010-04-14,62.8
2010-04-15,76.19
2010-04-16,100.2
2010-04-17,137.95
2010-04-18,116.01
2010-04-19,106.29
2010-04-20,83.8
2010-04-21,45.16
2010-04-22,77.23
2010-04-23,93.98
2010-04-24,145.47
2010-04-25,109.29
2010-04-26,105.66
2010-04-27,83.03
2010-04-28,54.96
2010-04-29,93.24
2010-04-30,102.75
2010-05-01,118.7
2010-05-02,96.78
2010-05-03,120.35
2010-05-04,60.62
2010-05-05,79.32
2010-05-06,106.91
2010-05-07,74.5
2010-05-08,96.15
2010-05-09,109.65
2010-05-10,89.42
2010-05-11,55.99
2010-05-12,69.08
2010-05-13,55.59
2010-05-14,93.86
2010-05-15,88.2
2010-05-16,128.68
2010-05-17,82.44
2010-05-18,71.57
2010-05-19,77.34
2010-05-20,50.08
2010-05-21,87.14
2010-05-22,118.5
2010-05-23,78.17
2010-05-24,93.75
2010-05-25,77.03
2010-05-26,73.55
2010-05-27,46.62
2010-05-28,60.5
2010-05-29,103.25
2010-05-30,103.21
2010-05-31,91.17
2010-06-01,74.71
2010-06-02,47.95
2010-06-03,64.95
2010-06-04,80.94
2010-06-05,80.91
2010-06-06,122.91
2010-06-07,90.64
2010-06-08,47.73
2010-06-09,64.04
2010-06-10,42.85
2010-06-11,84.33
2010-06-12,104.94
2010-06-13,78.52
2010-06-14,93.85
2010-06-15,67.63
2010-06-16,62.34
2010-06-17,81.71
2010-06-18,64.6
2010-06-19,71.99
2010-06-20,73.2
2010-06-21,62.86
2010-06-22,55.96
2010-06-23,50.78
2010-06-24,53.05
2010-06-25,76.31
2010-06-26,79.1
2010-06-27,103.93
2010-06-28,66.71
2010-06-29,93.49
2010-06-30,50.61
2010-07-01,31.59
2010-07-02,43.38
2010-07-03,81.68
2010-07-04,74.32
2010-07-05,76.92
2010-07-06,55.31
2010-07-07,35.67
2010-07-08,27.28
2010-07-09,32.26
2010-07-10,63.29
2010-07-11,86.06
2010-07-12,64.98
2010-07-13,25.1
2010-07-14,34.93
2010-07-15,41.35
2010-07-16,37.33
2010-07-17,67.91
2010-07-18,69.73
2010-07-19,40.28
2010-07-20,44.82
2010-07-21,36.44
2010-07-22,47.53
2010-07-23,62.13
2010-07-24,40.71
2010-07-25,50.57
2010-07-26,60.96
2010-07-27,43.01
2010-07-28,31.63
2010-07-29,84.99
2010-07-30,50.83
2010-07-31,74.38
2010-08-01,74.96
2010-08-02,59.05
2010-08-03,26.65
2010-08-04,31.41
2010-08-05,11.76
2010-08-06,34.92
2010-08-07,46.31
2010-08-08,58.17
2010-08-09,80.33
2010-08-10,0.0
2010-08-11,26.75
2010-08-12,0.0
2010-08-13,27.92
2010-08-14,66.5
2010-08-15,54.53
2010-08-16,26.13
2010-08-17,13.77
2010-08-18,23.44
2010-08-19,5.73
2010-08-20,35.15
2010-08-21,47.82
2010-08-22,40.82
2010-08-23,71.54
2010-08-24,31.16
2010-08-25,0.0
2010-08-26,16.75
2010-08-27,19.31
2010-08-28,57.32
2010-08-29,36.18
2010-08-30,35.2
2010-08-31,26.83
2010-09-01,21.11
2010-09-02,0.0
2010-09-03,22.03
2010-09-04,35.29
2010-09-05,36.22
2010-09-06,61.43
2010-09-07,23.43
2010-09-08,0.0
2010-09-09,23.71
2010-09-10,57.21
2010-09-11,56.3
2010-09-12,21.7
2010-09-13,26.23
2010-09-14,34.98
2010-09-15,0.0
2010-09-16,15.38
2010-09-17,35.85
2010-09-18,25.85
2010-09-19,42.62
2010-09-20,0.0
2010-09-21,0.0
2010-09-22,0.48
2010-09-23,0.0
2010-09-24,48.14
2010-09-25,17.81
2010-09-26,36.5
2010-09-27,34.23
2010-09-28,36.53
2010-09-29,0.0
2010-09-30,25.43
2010-10-01,23.81
2010-10-02,24.62
2010-10-03,50.19
2010-10-04,35.5
2010-10-05,6.23
2010-10-06,5.56
2010-10-07,2.7
2010-10-08,25.94
2010-10-09,49.93
2010-10-10,67.79
2010-10-11,14.77
2010-10-12,48.14
2010-10-13,0.0
2010-10-14,7.28
2010-10-15,34.21
2010-10-16,45.45
2010-10-17,35.98
2010-10-18,31.61
2010-10-19,10.23
2010-10-20,0.0
2010-10-21,23.94
2010-10-22,32.46
2010-10-23,32.64
2010-10-24,60.69
2010-10-25,41.3
2010-10-26,31.85
2010-10-27,18.62
2010-10-28,0.95
2010-10-29,20.97
2010-10-30,56.59
2010-10-31,58.77
2010-11-01,38.87
2010-11-02,23.98
2010-11-03,30.98
2010-11-04,7.22
2010-11-05,40.36
2010-11-06,45.2
2010-11-07,49.27
2010-11-08,58.66
2010-11-09,37.67
2010-11-10,27.15
2010-11-11,38.87
2010-11-12,35.74
2010-11-13,61.79
2010-11-14,51.28
2010-11-15,50.5
2010-11-16,26.86
2010-11-17,19.98
2010-11-18,31.86
2010-11-19,26.85
2010-11-20,86.71
2010-11-21,44.67
2010-11-22,31.3
2010-11-23,50.12
2010-11-24,34.39
2010-11-25,36.34
2010-11-26,52.65
2010-11-27,59.29
2010-11-28,50.5
2010-11-29,54.9
2010-11-30,26.88
2010-12-01,41.48
2010-12-02,29.16
2010-12-03,35.27
2010-12-04,59.13
2010-12-05,74.67
2010-12-06,49.86
2010-12-07,29.3
2010-12-08,35.15
2010-12-09,39.71
2010-12-10,44.76
2010-12-11,61.63
2010-12-12,76.73
2010-12-13,41.41
2010-12-14,25.37
2010-12-15,25.59
2010-12-16,37.74
2010-12-17,61.95
2010-12-18,95.77
2010-12-19,91.09
2010-12-20,65.73
2010-12-21,51.21
2010-12-22,26.37
2010-12-23,45.72
2010-12-24,58.03
2010-12-25,83.57
2010-12-26,70.92
2010-12-27,81.03
2010-12-28,79.61
2010-12-29,44.91
2010-12-30,57.17
2010-12-31,77.87
2011-01-01,77.87
2011-01-02,91.85
2011-01-03,78.6
2011-01-04,63.26
2011-01-05,40.11
2011-01-06,56.67
2011-01-07,80.15
2011-01-08,110.82
2011-01-09,108.03
2011-01-10,115.85
2011-01-11,55.42
2011-01-12,69.92
2011-01-13,64.17
2011-01-14,110.63
2011-01-15,82.01
2011-01-16,86.12
2011-01-17,79.62
2011-01-18,40.11
2011-01-19,53.97
2011-01-20,55.03
2011-01-21,85.01
2011-01-22,104.21
2011-01-23,131.78
2011-01-24,107.76
2011-01-25,68.18
2011-01-26,53.22
2011-01-27,78.61
2011-01-28,67.73
2011-01-29,131.3
2011-01-30,126.04
2011-01-31,91.15
2011-02-01,55.78
2011-02-02,91.6
2011-02-03,74.07
2011-02-04,110.62
2011-02-05,84.39
2011-02-06,103.79
2011-02-07,102.65
2011-02-08,86.52
2011-02-09,68.84
2011-02-10,89.38
2011-02-11,80.23
2011-02-12,110.32
2011-02-13,118.68
2011-02-14,114.33
2011-02-15,100.48
2011-02-16,62.65
2011-02-17,60.9
2011-02-18,119.24
2011-02-19,121.2
2011-02-20,109.36
2011-02-21,133.53
2011-02-22,95.12
2011-02-23,100.73
2011-02-24,88.38
2011-02-25,134.38
2011-02-26,145.88
2011-02-27,120.12
2011-02-28,128.03
2011-03-01,106.2
2011-03-02,106.64
2011-03-03,75.89
2011-03-04,116.68
2011-03-05,138.28
2011-03-06,100.25
2011-03-07,98.42
2011-03-08,68.57
2011-03-09,84.63
2011-03-10,103.62
2011-03-11,131.34
2011-03-12,125.86
2011-03-13,153.33
2011-03-14,97.65
2011-03-15,75.72
2011-03-16,89.87
2011-03-17,100.57
2011-03-18,110.19
2011-03-19,95.53
2011-03-20,129.28
2011-03-21,100.43
2011-03-22,112.87
2011-03-23,97.68
2011-03-24,82.11
2011-03-25,104.29
2011-03-26,111.89
2011-03-27,130.83
2011-03-28,135.4
2011-03-29,89.03
2011-03-30,100.65
2011-03-31,89.08
2011-04-01,100.85
2011-04-02,126.84
2011-04-03,116.82
2011-04-04,113.26
2011-04-05,86.26
2011-04-06,122.89
2011-04-07,97.81
2011-04-08,102.41
2011-04-09,131.73
2011-04-10,130.66
2011-04-11,118.16
2011-04-12,113.28
2011-04-13,104.54
2011-04-14,89.0
2011-04-15,103.86
2011-04-16,123.9
2011-04-17,97.24
2011-04-18,98.09
2011-04-19,123.83
2011-04-20,117.03
2011-04-21,92.32
2011-04-22,120.16
2011-04-23,131.64
2011-04-24,176.82
2011-04-25,136.4
2011-04-26,100.11
2011-04-27,76.65
2011-04-28,70.51
2011-04-29,113.04
2011-04-30,114.02
2011-05-01,107.62
2011-05-02,108.15
2011-05-03,83.98
2011-05-04,114.39
2011-05-05,105.85
2011-05-06,107.82
2011-05-07,145.44
2011-05-08,127.93
2011-05-09,102.67
2011-05-10,120.72
2011-05-11,94.77
2011-05-12,74.61
2011-05-13,102.56
2011-05-14,107.51
2011-05-15,103.36
2011-05-16,126.76
2011-05-17,123.73
2011-05-18,62.85
2011-05-19,95.69
2011-05-20,92.68
2011-05-21,110.31
2011-05-22,112.12
2011-05-23,96.76
2011-05-24,92.61
2011-05-25,68.1
2011-05-26,87.99
2011-05-27,98.31
2011-05-28,110.61
2011-05-29,103.92
2011-05-30,97.54
2011-05-31,99.64
2011-06-01,84.46
2011-06-02,65.6
2011-06-03,96.85
2011-06-04,121.71
2011-06-05,88.7
2011-06-06,110.5
2011-06-07,74.49
2011-06-08,81.59
2011-06-09,64.86
2011-06-10,64.29
2011-06-11,82.0
2011-06-12,110.4
2011-06-13,102.16
2011-06-14,66.74
2011-06-15,78.45
2011-06-16,47.21
2011-06-17,86.16
2011-06-18,84.01
2011-06-19,95.64
2011-06-20,94.68
2011-06-21,63.09
2011-06-22,58.78
2011-06-23,82.88
2011-06-24,74.13
2011-06-25,110.33
2011-06-26,84.07
2011-06-27,97.51
2011-06-28,93.2
2011-06-29,23.04
2011-06-30,51.39
2011-07-01,86.99
2011-07-02,90.29
2011-07-03,102.13
2011-07-04,76.04
2011-07-05,68.41
2011-07-06,53.31
2011-07-07,76.39
2011-07-08,77.69
2011-07-09,93.94
2011-07-10,85.93
2011-07-11,73.34
2011-07-12,56.18
2011-07-13,57.13
2011-07-14,48.14
2011-07-15,73.81
2011-07-16,115.61
2011-07-17,100.79
2011-07-18,71.4
2011-07-19,76.34
2011-07-20,40.77
2011-07-21,19.57
2011-07-22,50.06
2011-07-23,52.16
2011-07-24,78.21
2011-07-25,72.35
2011-07-26,79.28
2011-07-27,47.64
2011-07-28,42.73
2011-07-29,73.53
2011-07-30,42.99
2011-07-31,82.99
2011-08-01,79.65
2011-08-02,28.0
2011-08-03,55.97
2011-08-04,47.22
2011-08-05,51.02
2011-08-06,81.85
2011-08-07,109.76
2011-08-08,67.1
2011-08-09,50.24
2011-08-10,28.31
2011-08-11,25.82
2011-08-12,66.18
2011-08-13,56.05
2011-08-14,73.36
2011-08-15,53.84
2011-08-16,50.38
2011-08-17,36.94
2011-08-18,50.93
2011-08-19,42.92
2011-08-20,61.75
2011-08-21,54.57
2011-08-22,51.36
2011-08-23,45.94
2011-08-24,40.44
2011-08-25,18.74
2011-08-26,60.89
2011-08-27,83.47
2011-08-28,72.85
2011-08-29,83.65
2011-08-30,26.21
2011-08-31,8.01
2011-09-01,3.56
2011-09-02,68.03
2011-09-03,70.76
2011-09-04,63.7
2011-09-05,57.65
2011-09-06,18.96
2011-09-07,61.47
2011-09-08,30.35
2011-09-09,45.48
2011-09-10,70.15
2011-09-11,70.14
2011-09-12,55.28
2011-09-13,22.54
2011-09-14,30.48
2011-09-15,55.35
2011-09-16,62.8
2011-09-17,82.02
2011-09-18,54.2
2011-09-19,36.1
2011-09-20,31.61
2011-09-21,23.43
2011-09-22,42.79
2011-09-23,16.57
2011-09-24,80.49
2011-09-25,59.0
2011-09-26,44.13
2011-09-27,17.98
2011-09-28,0.0
2011-09-29,38.56
2011-09-30,42.97
2011-10-01,38.2
2011-10-02,42.03
2011-10-03,45.66
2011-10-04,58.44
2011-10-05,18.78
2011-10-06,4.08
2011-10-07,38.68
2011-10-08,54.03
2011-10-09,21.66
2011-10-10,50.62
2011-10-11,30.77
2011-10-12,34.02
2011-10-13,55.35
2011-10-14,60.34
2011-10-15,55.25
2011-10-16,46.75
2011-10-17,91.36
2011-10-18,36.52
2011-10-19,25.27
2011-10-20,28.82
2011-10-21,48.05
2011-10-22,58.83
2011-10-23,56.55
2011-10-24,46.43
2011-10-25,37.1
2011-10-26,18.94
2011-10-27,20.6
2011-10-28,48.87
2011-10-29,59.44
2011-10-30,90.05
2011-10-31,17.28
2011-11-01,56.45
2011-11-02,48.35
2011-11-03,2.83
2011-11-04,44.84
2011-11-05,60.47
2011-11-06,49.23
2011-11-07,48.31
2011-11-08,26.42
2011-11-09,59.0
2011-11-10,51.09
2011-11-11,72.25
2011-11-12,80.14
2011-11-13,56.74
2011-11-14,55.5
2011-11-15,53.87
2011-11-16,17.91
2011-11-17,51.34
2011-11-18,53.22
2011-11-19,67.39
2011-11-20,88.1
2011-11-21,73.85
2011-11-22,45.0
2011-11-23,57.57
2011-11-24,28.42
2011-11-25,70.11
2011-11-26,86.01
2011-11-27,76.94
2011-11-28,76.28
2011-11-29,35.89
2011-11-30,58.33
2011-12-01,46.2
2011-12-02,57.42
2011-12-03,97.28
2011-12-04,75.5
2011-12-05,54.78
2011-12-06,35.87
2011-12-07,58.16
2011-12-08,34.4
2011-12-09,96.25
2011-12-10,55.03
2011-12-11,116.26
2011-12-12,83.85
2011-12-13,62.58
2011-12-14,45.74
2011-12-15,64.47
2011-12-16,74.26
2011-12-17,107.73
2011-12-18,97.47
2011-12-19,87.91
2011-12-20,63.57
2011-12-21,58.08
2011-12-22,68.14
2011-12-23,54.23
2011-12-24,76.03
2011-12-25,112.0
2011-12-26,93.32
2011-12-27,71.38
2011-12-28,64.33
2011-12-29,73.87
2011-12-30,76.93
2011-12-31,89.73
2012-01-01,108.94
2012-01-02,81.25
2012-01-03,85.43
2012-01-04,43.68
2012-01-05,89.26
2012-01-06,97.28
2012-01-07,110.41
2012-01-08,125.9
2012-01-09,126.06
2012-01-10,99.67
2012-01-11,46.75
2012-01-12,59.76
2012-01-13,85.94
2012-01-14,112.06
2012-01-15,124.02
2012-01-16,95.26
2012-01-17,92.31
2012-01-18,68.07
2012-01-19,74.79
2012-01-20,79.21
2012-01-21,102.8
2012-01-22,100.93
2012-01-23,96.44
2012-01-24,110.21
2012-01-25,70.03
2012-01-26,128.29
2012-01-27,112.52
2012-01-28,124.2
2012-01-29,113.07
2012-01-30,126.29
2012-01-31,90.45
2012-02-01,90.74
2012-02-02,131.81
2012-02-03,108.24
2012-02-04,143.18
2012-02-05,119.88
2012-02-06,119.69
2012-02-07,130.03
2012-02-08,83.84
2012-02-09,124.89
2012-02-10,124.54
2012-02-11,121.7
2012-02-12,144.06
2012-02-13,138.9
2012-02-14,116.84
2012-02-15,73.68
2012-02-16,90.73
2012-02-17,114.09
2012-02-18,132.84
2012-02-19,147.65
2012-02-20,130.68
2012-02-21,91.13
2012-02-22,106.52
2012-02-23,114.32
2012-02-24,129.66
2012-02-25,153.57
2012-02-26,154.17
2012-02-27,138.17
2012-02-28,113.3
2012-02-29,79.04
2012-03-01,114.67
2012-03-02,127.37
2012-03-03,144.35
2012-03-04,125.37
2012-03-05,117.85
2012-03-06,132.86
2012-03-07,106.0
2012-03-08,121.01
2012-03-09,127.17
2012-03-10,143.14
2012-03-11,160.93
2012-03-12,128.59
2012-03-13,120.7
2012-03-14,101.77
2012-03-15,106.3
2012-03-16,124.07
2012-03-17,147.91
2012-03-18,141.48
2012-03-19,156.89
2012-03-20,107.48
2012-03-21,107.46
2012-03-22,107.7
2012-03-23,151.81
2012-03-24,148.84
2012-03-25,165.37
2012-03-26,116.92
2012-03-27,125.97
2012-03-28,124.6
2012-03-29,116.44
2012-03-30,146.91
2012-03-31,138.88
2012-04-01,171.7
2012-04-02,174.27
2012-04-03,117.02
2012-04-04,104.98
2012-04-05,137.34
2012-04-06,154.87
2012-04-07,138.96
2012-04-08,144.33
2012-04-09,135.55
2012-04-10,102.21
2012-04-11,97.72
2012-04-12,100.23
2012-04-13,119.33
2012-04-14,145.87
2012-04-15,153.65
2012-04-16,162.46
2012-04-17,106.74
2012-04-18,125.52
2012-04-19,111.26
2012-04-20,129.2
2012-04-21,155.53
2012-04-22,132.24
2012-04-23,143.8
2012-04-24,123.0
2012-04-25,116.85
2012-04-26,117.43
2012-04-27,165.32
2012-04-28,134.31
2012-04-29,139.51
2012-04-30,127.04
2012-05-01,110.42
2012-05-02,98.07
2012-05-03,129.03
2012-05-04,147.83
2012-05-05,133.27
2012-05-06,132.88
2012-05-07,141.27
2012-05-08,108.21
2012-05-09,114.8
2012-05-10,111.84
2012-05-11,101.32
2012-05-12,162.51
2012-05-13,169.7
2012-05-14,122.34
2012-05-15,107.95
2012-05-16,106.81
2012-05-17,110.96
2012-05-18,131.02
2012-05-19,166.48
2012-05-20,137.08
2012-05-21,116.47
2012-05-22,89.92
2012-05-23,88.35
2012-05-24,102.19
2012-05-25,144.74
2012-05-26,125.19
2012-05-27,139.67
2012-05-28,124.72
2012-05-29,124.92
2012-05-30,133.64
2012-05-31,91.1
2012-06-01,106.82
2012-06-02,144.91
2012-06-03,142.78
2012-06-04,148.87
2012-06-05,112.01
2012-06-06,86.47
2012-06-07,104.01
2012-06-08,126.83
2012-06-09,137.56
2012-06-10,136.14
2012-06-11,133.11
2012-06-12,116.7
2012-06-13,108.47
2012-06-14,100.72
2012-06-15,103.51
2012-06-16,123.24
2012-06-17,142.39
2012-06-18,100.59
2012-06-19,100.4
2012-06-20,77.53
2012-06-21,87.09
2012-06-22,120.85
2012-06-23,119.54
2012-06-24,120.6
2012-06-25,88.06
2012-06-26,101.66
2012-06-27,88.69
2012-06-28,114.68
2012-06-29,92.61
2012-06-30,115.52
2012-07-01,119.19
2012-07-02,127.65
2012-07-03,84.57
2012-07-04,78.73
2012-07-05,86.88
2012-07-06,95.56
2012-07-07,101.07
2012-07-08,113.9
2012-07-09,115.64
2012-07-10,66.15
2012-07-11,72.09
2012-07-12,62.83
2012-07-13,106.27
2012-07-14,80.51
2012-07-15,98.21
2012-07-16,100.81
2012-07-17,100.67
2012-07-18,64.77
2012-07-19,60.68
2012-07-20,112.25
2012-07-21,77.35
2012-07-22,69.35
2012-07-23,97.52
2012-07-24,65.44
2012-07-25,46.25
2012-07-26,75.47
2012-07-27,83.57
2012-07-28,86.51
2012-07-29,79.07
2012-07-30,99.98
2012-07-31,78.73
2012-08-01,56.12
2012-08-02,88.63
2012-08-03,59.98
2012-08-04,68.25
2012-08-05,84.1
2012-08-06,82.45
2012-08-07,68.92
2012-08-08,50.33
2012-08-09,62.59
2012-08-10,53.69
2012-08-11,109.27
2012-08-12,89.77
2012-08-13,96.47
2012-08-14,67.04
2012-08-15,57.48
2012-08-16,62.6
2012-08-17,75.97
2012-08-18,94.1
2012-08-19,107.85
2012-08-20,79.63
2012-08-21,69.56
2012-08-22,46.37
2012-08-23,72.8
2012-08-24,56.32
2012-08-25,108.75
2012-08-26,84.64
2012-08-27,52.62
2012-08-28,58.32
2012-08-29,35.04
2012-08-30,61.41
2012-08-31,54.34
2012-09-01,72.79
2012-09-02,54.71
2012-09-03,65.18
2012-09-04,17.99
2012-09-05,19.52
2012-09-06,58.31
2012-09-07,74.09
2012-09-08,84.11
2012-09-09,66.87
2012-09-10,69.65
2012-09-11,52.77
2012-09-12,24.45
2012-09-13,68.08
2012-09-14,74.17
2012-09-15,73.19
2012-09-16,80.64
2012-09-17,72.43
2012-09-18,21.22
2012-09-19,37.22
2012-09-20,34.48
2012-09-21,45.25
2012-09-22,71.63
2012-09-23,106.63
2012-09-24,78.42
2012-09-25,42.86
2012-09-26,49.18
2012-09-27,65.45
2012-09-28,73.97
2012-09-29,76.66
2012-09-30,69.96
2012-10-01,79.36
2012-10-02,57.49
2012-10-03,54.27
2012-10-04,54.31
2012-10-05,76.26
2012-10-06,68.23
2012-10-07,100.0
2012-10-08,72.51
2012-10-09,83.46
2012-10-10,31.33
2012-10-11,71.73
2012-10-12,64.48
2012-10-13,67.56
2012-10-14,74.14
2012-10-15,65.98
2012-10-16,60.02
2012-10-17,50.91
2012-10-18,38.57
2012-10-19,62.7
2012-10-20,111.11
2012-10-21,109.03
2012-10-22,79.13
2012-10-23,56.1
2012-10-24,46.82
2012-10-25,58.41
2012-10-26,49.84
2012-10-27,77.3
2012-10-28,60.35
2012-10-29,80.91
2012-10-30,67.65
2012-10-31,40.27
2012-11-01,75.38
2012-11-02,49.43
2012-11-03,61.91
2012-11-04,91.53
2012-11-05,93.49
2012-11-06,86.13
2012-11-07,43.62
2012-11-08,71.02
2012-11-09,70.37
2012-11-10,84.48
2012-11-11,104.68
2012-11-12,90.89
2012-11-13,40.62
2012-11-14,76.11
2012-11-15,79.06
2012-11-16,65.15
2012-11-17,96.65
2012-11-18,102.54
2012-11-19,88.78
2012-11-20,59.83
2012-11-21,47.77
2012-11-22,61.91
2012-11-23,96.11
2012-11-24,102.91
2012-11-25,93.67
2012-11-26,100.6
2012-11-27,29.56
2012-11-28,79.32
2012-11-29,40.49
2012-11-30,77.43
2012-12-01,82.35
2012-12-02,84.24
2012-12-03,110.91
2012-12-04,69.79
2012-12-05,71.85
2012-12-06,70.48
2012-12-07,94.66
2012-12-08,104.97
2012-12-09,89.13
2012-12-10,113.19
2012-12-11,74.18
2012-12-12,48.11
2012-12-13,69.61
2012-12-14,114.88
2012-12-15,121.47
2012-12-16,108.07
2012-12-17,97.95
2012-12-18,81.73
2012-12-19,107.61
2012-12-20,86.77
2012-12-21,103.86
2012-12-22,129.23
2012-12-23,121.95
2012-12-24,104.39
2012-12-25,88.71
2012-12-26,80.5
2012-12-27,85.61
2012-12-28,113.46
2012-12-29,119.7
2012-12-30,134.51
2012-12-31,112.23
2013-01-01,98.0
2013-01-02,56.77
2013-01-03,105.08
2013-01-04,112.91
2013-01-05,139.06
2013-01-06,85.24
2013-01-07,149.92
2013-01-08,99.88
2013-01-09,108.51
2013-01-10,80.88
2013-01-11,122.03
2013-01-12,113.4
2013-01-13,124.43
2013-01-14,152.4
2013-01-15,104.19
2013-01-16,100.2
2013-01-17,114.56
2013-01-18,125.29
2013-01-19,136.45
2013-01-20,144.24
2013-01-21,164.69
2013-01-22,111.11
2013-01-23,104.86
2013-01-24,122.14
2013-01-25,139.28
2013-01-26,156.81
2013-01-27,153.12
2013-01-28,116.24
2013-01-29,141.18
2013-01-30,89.32
2013-01-31,115.56
2013-02-01,115.98
2013-02-02,142.61
2013-02-03,152.99
2013-02-04,142.68
2013-02-05,127.44
2013-02-06,135.11
2013-02-07,122.17
2013-02-08,127.93
2013-02-09,162.28
2013-02-10,170.1
2013-02-11,123.59
2013-02-12,134.17
2013-02-13,125.46
2013-02-14,114.89
2013-02-15,156.16
2013-02-16,149.44
2013-02-17,157.96
2013-02-18,143.17
2013-02-19,129.15
2013-02-20,102.15
2013-02-21,101.34
2013-02-22,162.97
2013-02-23,142.45
2013-02-24,144.6
2013-02-25,116.8
2013-02-26,122.6
2013-02-27,101.94
2013-02-28,150.7
2013-03-01,157.26
2013-03-02,147.82
2013-03-03,196.18
2013-03-04,166.68
2013-03-05,130.09
2013-03-06,87.01
2013-03-07,163.07
2013-03-08,123.83
2013-03-09,135.96
2013-03-10,180.15
2013-03-11,190.89
2013-03-12,157.99
2013-03-13,135.15
2013-03-14,139.74
2013-03-15,159.51
2013-03-16,173.98
2013-03-17,170.91
2013-03-18,157.65
2013-03-19,138.01
2013-03-20,117.02
2013-03-21,128.17
2013-03-22,122.8
2013-03-23,162.52
2013-03-24,153.18
2013-03-25,140.77
2013-03-26,142.8
2013-03-27,150.28
2013-03-28,147.14
2013-03-29,125.54
2013-03-30,149.97
2013-03-31,182.86
2013-04-01,143.25
2013-04-02,137.31
2013-04-03,138.15
2013-04-04,119.26
2013-04-05,151.01
2013-04-06,145.05
2013-04-07,159.89
2013-04-08,162.87
2013-04-09,116.78
2013-04-10,136.42
2013-04-11,133.32
2013-04-12,157.47
2013-04-13,168.09
2013-04-14,188.96
2013-04-15,159.45
2013-04-16,133.66
2013-04-17,130.99
2013-04-18,141.02
2013-04-19,149.09
2013-04-20,164.44
2013-04-21,156.99
2013-04-22,146.57
2013-04-23,117.92
2013-04-24,154.18
2013-04-25,112.92
2013-04-26,136.59
2013-04-27,151.61
2013-04-28,179.42
2013-04-29,150.49
2013-04-30,156.0
2013-05-01,116.08
2013-05-02,133.94
2013-05-03,132.55
2013-05-04,192.59
2013-05-05,146.13
2013-05-06,157.44
2013-05-07,144.6
2013-05-08,130.13
2013-05-09,124.64
2013-05-10,140.74
2013-05-11,158.6
2013-05-12,159.21
2013-05-13,164.65
2013-05-14,165.59
2013-05-15,112.83
2013-05-16,104.09
2013-05-17,138.51
2013-05-18,193.73
2013-05-19,146.39
2013-05-20,171.75
2013-05-21,154.51
2013-05-22,109.74
2013-05-23,129.96
2013-05-24,161.0
2013-05-25,146.03
2013-05-26,152.02
2013-05-27,135.02
2013-05-28,110.65
2013-05-29,104.78
2013-05-30,99.5
2013-05-31,133.47
2013-06-01,136.5
2013-06-02,154.87
2013-06-03,116.65
2013-06-04,127.03
2013-06-05,123.19
2013-06-06,84.07
2013-06-07,134.65
2013-06-08,162.51
2013-06-09,129.22
2013-06-10,161.05
2013-06-11,124.29
2013-06-12,96.02
2013-06-13,109.01
2013-06-14,133.26
2013-06-15,141.05
2013-06-16,151.24
2013-06-17,117.91
2013-06-18,116.29
2013-06-19,81.1
2013-06-20,103.87
2013-06-21,106.99
2013-06-22,124.53
2013-06-23,157.33
2013-06-24,143.71
2013-06-25,118.49
2013-06-26,81.51
2013-06-27,96.38
2013-06-28,134.32
2013-06-29,133.25
2013-06-30,169.13
2013-07-01,128.78
2013-07-02,107.77
2013-07-03,88.79
2013-07-04,98.66
2013-07-05,109.37
2013-07-06,137.28
2013-07-07,144.23
2013-07-08,106.63
2013-07-09,80.47
2013-07-10,61.44
2013-07-11,99.83
2013-07-12,90.67
2013-07-13,89.94
2013-07-14,131.3
2013-07-15,151.42
2013-07-16,95.96
2013-07-17,97.2
2013-07-18,89.09
2013-07-19,101.41
2013-07-20,131.71
2013-07-21,116.83
2013-07-22,113.78
2013-07-23,96.64
2013-07-24,70.38
2013-07-25,98.56
2013-07-26,96.11
2013-07-27,102.46
2013-07-28,125.14
2013-07-29,92.23
2013-07-30,88.21
2013-07-31,76.28
2013-08-01,96.02
2013-08-02,101.94
2013-08-03,109.55
2013-08-04,125.52
2013-08-05,122.76
2013-08-06,92.4
2013-08-07,72.86
2013-08-08,56.38
2013-08-09,75.23
2013-08-10,101.77
2013-08-11,100.59
2013-08-12,95.63
2013-08-13,81.46
2013-08-14,77.28
2013-08-15,71.69
2013-08-16,95.24
2013-08-17,104.11
2013-08-18,76.95
2013-08-19,81.25
2013-08-20,75.42
2013-08-21,48.21
2013-08-22,78.83
2013-08-23,108.05
2013-08-24,118.63
2013-08-25,100.65
2013-08-26,115.04
2013-08-27,77.21
2013-08-28,58.77
2013-08-29,58.17
2013-08-30,78.15
2013-08-31,92.2
2013-09-01,104.15
2013-09-02,92.9
2013-09-03,72.91
2013-09-04,68.34
2013-09-05,83.25
2013-09-06,95.03
2013-09-07,73.92
2013-09-08,61.53
2013-09-09,102.83
2013-09-10,50.76
2013-09-11,56.88
2013-09-12,46.39
2013-09-13,52.39
2013-09-14,103.02
2013-09-15,110.01
2013-09-16,79.03
2013-09-17,31.34
2013-09-18,51.08
2013-09-19,68.92
2013-09-20,56.41
2013-09-21,96.91
2013-09-22,97.74
2013-09-23,95.79
2013-09-24,71.5
2013-09-25,44.26
2013-09-26,80.66
2013-09-27,75.97
2013-09-28,93.59
2013-09-29,83.88
2013-09-30,80.45
2013-10-01,56.51
2013-10-02,56.43
2013-10-03,88.63
2013-10-04,58.1
2013-10-05,70.2
2013-10-06,120.44
2013-10-07,84.53
2013-10-08,60.41
2013-10-09,75.37
2013-10-10,54.7
2013-10-11,106.97
2013-10-12,105.57
2013-10-13,92.13
2013-10-14,121.19
2013-10-15,62.6
2013-10-16,72.22
2013-10-17,69.67
2013-10-18,100.59
2013-10-19,120.38
2013-10-20,101.57
2013-10-21,79.25
2013-10-22,80.38
2013-10-23,52.8
2013-10-24,97.34
2013-10-25,85.15
2013-10-26,93.59
2013-10-27,106.05
2013-10-28,72.61
2013-10-29,61.25
2013-10-30,83.39
2013-10-31,59.78
2013-11-01,69.96
2013-11-02,109.76
2013-11-03,123.77
2013-11-04,106.38
2013-11-05,93.62
2013-11-06,56.95
2013-11-07,51.3
2013-11-08,111.25
2013-11-09,100.0
2013-11-10,105.42
2013-11-11,118.78
2013-11-12,90.35
2013-11-13,78.54
2013-11-14,108.56
2013-11-15,82.6
2013-11-16,122.34
2013-11-17,113.69
2013-11-18,106.59
2013-11-19,108.7
2013-11-20,83.14
2013-11-21,88.03
2013-11-22,112.27
2013-11-23,106.94
2013-11-24,104.29
2013-11-25,90.99
2013-11-26,60.42
2013-11-27,110.56
2013-11-28,67.66
2013-11-29,97.16
2013-11-30,112.6
2013-12-01,125.87
2013-12-02,123.33
2013-12-03,107.3
2013-12-04,75.49
2013-12-05,86.26
2013-12-06,109.32
2013-12-07,117.66
2013-12-08,150.05
2013-12-09,123.17
2013-12-10,110.16
2013-12-11,98.96
2013-12-12,111.18
2013-12-13,112.63
2013-12-14,106.81
2013-12-15,136.83
2013-12-16,110.96
2013-12-17,96.16
2013-12-18,102.78
2013-12-19,117.15
2013-12-20,115.25
2013-12-21,135.93
2013-12-22,161.42
2013-12-23,129.41
2013-12-24,148.2
2013-12-25,107.57
2013-12-26,77.28
2013-12-27,131.36
2013-12-28,142.15
2013-12-29,160.38
2013-12-30,141.05
2013-12-31,112.26
2014-01-01,85.89
2014-01-02,105.72
2014-01-03,112.47
2014-01-04,132.9
2014-01-05,155.03
2014-01-06,161.16
2014-01-07,125.42
2014-01-08,91.47
2014-01-09,120.67
2014-01-10,148.32
2014-01-11,137.58
2014-01-12,149.31
2014-01-13,141.44
2014-01-14,112.81
2014-01-15,124.2
2014-01-16,117.24
2014-01-17,141.7
2014-01-18,138.44
2014-01-19,149.75
2014-01-20,157.03
2014-01-21,123.94
2014-01-22,145.31
2014-01-23,117.96
2014-01-24,143.64
2014-01-25,170.58
2014-01-26,139.85
2014-01-27,124.56
2014-01-28,111.39
2014-01-29,143.05
2014-01-30,120.35
2014-01-31,183.28
2014-02-01,152.72
2014-02-02,168.45
2014-02-03,178.62
2014-02-04,168.85
2014-02-05,159.47
2014-02-06,151.14
2014-02-07,164.61
2014-02-08,174.37
2014-02-09,181.61
2014-02-10,151.42
2014-02-11,130.63
2014-02-12,132.59
2014-02-13,134.51
2014-02-14,146.44
2014-02-15,179.86
2014-02-16,188.14
2014-02-17,164.84
2014-02-18,168.83
2014-02-19,119.22
2014-02-20,137.8
2014-02-21,146.07
2014-02-22,144.94
2014-02-23,176.03
2014-02-24,165.08
2014-02-25,172.7
2014-02-26,149.08
2014-02-27,128.54
2014-02-28,187.77
2014-03-01,194.32
2014-03-02,188.99
2014-03-03,166.43
2014-03-04,138.46
2014-03-05,136.81
2014-03-06,162.95
2014-03-07,190.86
2014-03-08,201.72
2014-03-09,175.42
2014-03-10,155.45
2014-03-11,157.3
2014-03-12,118.13
2014-03-13,153.65
2014-03-14,162.49
2014-03-15,173.61
2014-03-16,160.79
2014-03-17,181.83
2014-03-18,149.0
2014-03-19,128.83
2014-03-20,107.36
2014-03-21,165.85
2014-03-22,208.66
2014-03-23,211.03
2014-03-24,168.58
2014-03-25,149.19
2014-03-26,154.57
2014-03-27,136.54
2014-03-28,171.79
2014-03-29,194.48
2014-03-30,205.34
2014-03-31,174.68
2014-04-01,155.83
2014-04-02,134.94
2014-04-03,139.61
2014-04-04,164.27
2014-04-05,188.83
2014-04-06,200.88
2014-04-07,164.3
2014-04-08,181.36
2014-04-09,144.04
2014-04-10,151.61
2014-04-11,156.3
2014-04-12,146.71
2014-04-13,200.11
2014-04-14,186.99
2014-04-15,154.25
2014-04-16,148.54
2014-04-17,159.01
2014-04-18,143.33
2014-04-19,174.31
2014-04-20,197.86
2014-04-21,156.14
2014-04-22,161.82
2014-04-23,126.05
2014-04-24,157.05
2014-04-25,164.93
2014-04-26,156.65
2014-04-27,201.97
2014-04-28,162.41
2014-04-29,143.66
2014-04-30,147.73
2014-05-01,165.53
2014-05-02,148.4
2014-05-03,179.9
2014-05-04,188.96
2014-05-05,181.78
2014-05-06,156.34
2014-05-07,137.02
2014-05-08,133.62
2014-05-09,162.61
2014-05-10,160.5
2014-05-11,136.24
2014-05-12,175.4
2014-05-13,164.65
2014-05-14,104.42
2014-05-15,128.17
2014-05-16,167.81
2014-05-17,204.59
2014-05-18,177.46
2014-05-19,154.95
2014-05-20,145.32
2014-05-21,157.4
2014-05-22,130.47
2014-05-23,143.33
2014-05-24,163.22
2014-05-25,159.53
2014-05-26,164.35
2014-05-27,169.01
2014-05-28,138.15
2014-05-29,132.85
2014-05-30,147.37
2014-05-31,143.4
2014-06-01,183.41
2014-06-02,157.63
2014-06-03,138.18
2014-06-04,177.4
2014-06-05,137.28
2014-06-06,136.59
2014-06-07,156.53
2014-06-08,183.44
2014-06-09,156.5
2014-06-10,115.28
2014-06-11,139.23
2014-06-12,118.68
2014-06-13,171.84
2014-06-14,174.97
2014-06-15,155.31
2014-06-16,169.81
2014-06-17,133.64
2014-06-18,133.97
2014-06-19,131.69
2014-06-20,126.74
2014-06-21,144.79
2014-06-22,173.13
2014-06-23,141.2
2014-06-24,122.18
2014-06-25,102.46
2014-06-26,126.37
2014-06-27,165.95
2014-06-28,134.0
2014-06-29,153.6
2014-06-30,162.96
2014-07-01,122.59
2014-07-02,119.11
2014-07-03,99.61
2014-07-04,136.97
2014-07-05,142.74
2014-07-06,163.56
2014-07-07,155.12
2014-07-08,158.17
2014-07-09,116.56
2014-07-10,115.98
2014-07-11,129.02
2014-07-12,135.82
2014-07-13,149.43
2014-07-14,128.47
2014-07-15,117.45
2014-07-16,123.25
2014-07-17,91.64
2014-07-18,138.86
2014-07-19,156.54
2014-07-20,138.27
2014-07-21,96.79
2014-07-22,101.55
2014-07-23,118.7
2014-07-24,102.18
2014-07-25,102.58
2014-07-26,125.06
2014-07-27,148.52
2014-07-28,132.72
2014-07-29,103.02
2014-07-30,89.72
2014-07-31,92.65
2014-08-01,99.78
2014-08-02,152.94
2014-08-03,127.2
2014-08-04,138.94
2014-08-05,125.63
2014-08-06,106.44
2014-08-07,88.34
2014-08-08,116.01
2014-08-09,124.73
2014-08-10,114.91
2014-08-11,122.03
2014-08-12,81.65
2014-08-13,105.86
2014-08-14,84.48
2014-08-15,109.65
2014-08-16,126.08
2014-08-17,121.37
2014-08-18,122.81
2014-08-19,89.12
2014-08-20,98.08
2014-08-21,68.29
2014-08-22,105.62
2014-08-23,148.06
2014-08-24,107.46
2014-08-25,101.12
2014-08-26,101.29
2014-08-27,85.11
2014-08-28,91.2
2014-08-29,108.59
2014-08-30,126.1
2014-08-31,136.79
2014-09-01,115.17
2014-09-02,87.77
2014-09-03,90.38
2014-09-04,112.4
2014-09-05,97.29
2014-09-06,100.06
2014-09-07,134.92
2014-09-08,105.47
2014-09-09,57.12
2014-09-10,91.4
2014-09-11,74.34
2014-09-12,96.47
2014-09-13,118.29
2014-09-14,119.87
2014-09-15,116.7
2014-09-16,82.04
2014-09-17,85.33
2014-09-18,77.5
2014-09-19,108.01
2014-09-20,121.72
2014-09-21,102.25
2014-09-22,121.69
2014-09-23,79.96
2014-09-24,89.26
2014-09-25,86.49
2014-09-26,124.17
2014-09-27,108.89
2014-09-28,110.87
2014-09-29,105.02
2014-09-30,83.45
2014-10-01,89.22
2014-10-02,56.9
2014-10-03,81.04
2014-10-04,96.55
2014-10-05,130.78
2014-10-06,131.47
2014-10-07,87.0
2014-10-08,75.35
2014-10-09,82.93
2014-10-10,115.1
2014-10-11,99.56
2014-10-12,121.09
2014-10-13,121.51
2014-10-14,97.24
2014-10-15,81.96
2014-10-16,98.22
2014-10-17,58.52
2014-10-18,125.12
2014-10-19,109.26
2014-10-20,81.06
2014-10-21,99.11
2014-10-22,101.52
2014-10-23,83.02
2014-10-24,115.32
2014-10-25,141.17
2014-10-26,140.91
2014-10-27,135.31
2014-10-28,104.84
2014-10-29,84.39
2014-10-30,63.47
2014-10-31,99.83
2014-11-01,106.91
2014-11-02,156.39
2014-11-03,110.78
2014-11-04,98.34
2014-11-05,94.38
2014-11-06,91.07
2014-11-07,131.94
2014-11-08,113.28
2014-11-09,129.87
2014-11-10,105.48
2014-11-11,79.96
2014-11-12,80.26
2014-11-13,93.26
2014-11-14,103.53
2014-11-15,115.75
2014-11-16,109.44
2014-11-17,119.02
2014-11-18,80.89
2014-11-19,104.6
2014-11-20,98.87
2014-11-21,91.99
2014-11-22,125.43
2014-11-23,123.25
2014-11-24,129.09
2014-11-25,127.66
2014-11-26,69.22
2014-11-27,103.56
2014-11-28,115.7
2014-11-29,144.44
2014-11-30,142.07
2014-12-01,117.42
2014-12-02,107.21
2014-12-03,89.89
2014-12-04,122.49
2014-12-05,122.98
2014-12-06,167.48
2014-12-07,142.6
2014-12-08,122.74
2014-12-09,94.0
2014-12-10,79.53
2014-12-11,87.37
2014-12-12,131.47
2014-12-13,151.44
2014-12-14,124.66
2014-12-15,151.69
2014-12-16,114.38
2014-12-17,113.72
2014-12-18,140.29
2014-12-19,145.92
2014-12-20,144.8
2014-12-21,140.05
2014-12-22,111.05
2014-12-23,115.91
2014-12-24,113.44
2014-12-25,106.4
2014-12-26,135.61
2014-12-27,155.11
2014-12-28,155.18
2014-12-29,138.72
2014-12-30,134.38
2014-12-31,128.4
2015-01-01,110.01
2015-01-02,163.91
2015-01-03,157.64
2015-01-04,164.0
2015-01-05,164.26
2015-01-06,140.51
2015-01-07,141.23
2015-01-08,135.83
2015-01-09,138.7
2015-01-10,169.68
2015-01-11,151.69
2015-01-12,160.38
2015-01-13,141.62
2015-01-14,128.89
2015-01-15,134.67
2015-01-16,124.72
2015-01-17,161.06
2015-01-18,175.26
2015-01-19,166.14
2015-01-20,131.68
2015-01-21,155.95
2015-01-22,128.53
2015-01-23,172.39
2015-01-24,180.57
2015-01-25,169.01
2015-01-26,195.19
2015-01-27,133.97
2015-01-28,155.5
2015-01-29,161.24
2015-01-30,152.46
2015-01-31,199.69
2015-02-01,179.55
2015-02-02,177.45
2015-02-03,160.29
2015-02-04,144.17
2015-02-05,162.83
2015-02-06,178.81
2015-02-07,156.92
2015-02-08,207.16
2015-02-09,152.43
2015-02-10,176.07
2015-02-11,167.24
2015-02-12,138.4
2015-02-13,164.79
2015-02-14,170.55
2015-02-15,188.31
2015-02-16,176.62
2015-02-17,176.1
2015-02-18,173.75
2015-02-19,179.4
2015-02-20,166.16
2015-02-21,187.58
2015-02-22,169.8
2015-02-23,172.61
2015-02-24,182.28
2015-02-25,181.66
2015-02-26,143.21
2015-02-27,168.91
2015-02-28,193.45
2015-03-01,202.32
2015-03-02,175.55
2015-03-03,177.09
2015-03-04,153.18
2015-03-05,164.29
2015-03-06,188.7
2015-03-07,196.58
2015-03-08,194.14
2015-03-09,188.54
2015-03-10,171.82
2015-03-11,157.07
2015-03-12,162.89
2015-03-13,206.67
2015-03-14,207.01
2015-03-15,198.28
2015-03-16,202.6
2015-03-17,170.01
2015-03-18,182.02
2015-03-19,174.04
2015-03-20,182.72
2015-03-21,206.87
2015-03-22,180.63
2015-03-23,176.64
2015-03-24,158.43
2015-03-25,167.8
2015-03-26,195.64
2015-03-27,218.88
2015-03-28,210.72
2015-03-29,212.62
2015-03-30,167.35
2015-03-31,168.94
2015-04-01,154.5
2015-04-02,160.92
2015-04-03,183.38
2015-04-04,194.48
2015-04-05,175.74
2015-04-06,205.83
2015-04-07,161.15
2015-04-08,169.99
2015-04-09,201.34
2015-04-10,172.03
2015-04-11,163.44
2015-04-12,200.89
2015-04-13,210.8
2015-04-14,206.21
2015-04-15,147.46
2015-04-16,177.1
2015-04-17,178.18
2015-04-18,199.07
2015-04-19,244.03
2015-04-20,170.84
2015-04-21,179.66
2015-04-22,171.86
2015-04-23,184.8
2015-04-24,185.41
2015-04-25,203.98
2015-04-26,197.12
2015-04-27,195.97
2015-04-28,169.18
2015-04-29,172.57
2015-04-30,161.29
2015-05-01,187.84
2015-05-02,197.09
2015-05-03,217.98
2015-05-04,189.19
2015-05-05,145.68
2015-05-06,180.05
2015-05-07,151.06
2015-05-08,170.12
2015-05-09,186.27
2015-05-10,219.31
2015-05-11,155.46
2015-05-12,216.81
2015-05-13,174.37
2015-05-14,165.33
2015-05-15,176.38
2015-05-16,196.7
2015-05-17,203.66
2015-05-18,194.26
2015-05-19,175.11
2015-05-20,156.84
2015-05-21,155.93
2015-05-22,171.78
2015-05-23,186.28
2015-05-24,209.59
2015-05-25,190.17
2015-05-26,119.3
2015-05-27,161.91
2015-05-28,158.34
2015-05-29,170.25
2015-05-30,179.81
2015-05-31,205.82
2015-06-01,191.81
2015-06-02,148.1
2015-06-03,154.42
2015-06-04,137.04
2015-06-05,146.0
2015-06-06,172.36
2015-06-07,197.98
2015-06-08,187.94
2015-06-09,163.4
2015-06-10,155.17
2015-06-11,155.3
2015-06-12,152.97
2015-06-13,184.11
2015-06-14,192.89
2015-06-15,180.77
2015-06-16,169.32
2015-06-17,150.68
2015-06-18,148.57
2015-06-19,174.36
2015-06-20,172.93
2015-06-21,163.33
2015-06-22,162.66
2015-06-23,135.95
2015-06-24,125.54
2015-06-25,136.73
2015-06-26,142.02
2015-06-27,164.28
2015-06-28,143.72
2015-06-29,163.87
2015-06-30,142.69
2015-07-01,118.96
2015-07-02,144.33
2015-07-03,163.5
2015-07-04,140.32
2015-07-05,156.22
2015-07-06,144.67
2015-07-07,124.11
2015-07-08,139.2
2015-07-09,127.08
2015-07-10,141.02
2015-07-11,129.94
2015-07-12,172.76
2015-07-13,133.19
2015-07-14,134.7
2015-07-15,126.52
2015-07-16,146.01
2015-07-17,120.99
2015-07-18,110.35
2015-07-19,161.66
2015-07-20,174.48
2015-07-21,148.1
2015-07-22,121.24
2015-07-23,113.99
2015-07-24,148.52
2015-07-25,136.86
2015-07-26,161.89
2015-07-27,150.93
2015-07-28,141.33
2015-07-29,155.43
2015-07-30,123.22
2015-07-31,124.79
2015-08-01,147.12
2015-08-02,124.29
2015-08-03,129.05
2015-08-04,115.44
2015-08-05,102.38
2015-08-06,115.87
2015-08-07,116.37
2015-08-08,160.66
2015-08-09,147.21
2015-08-10,135.76
2015-08-11,113.14
2015-08-12,109.09
2015-08-13,122.54
2015-08-14,112.33
2015-08-15,130.65
2015-08-16,139.39
2015-08-17,112.5
2015-08-18,102.62
2015-08-19,96.53
2015-08-20,120.24
2015-08-21,126.3
2015-08-22,140.52
2015-08-23,153.86
2015-08-24,127.84
2015-08-25,118.04
2015-08-26,99.46
2015-08-27,108.51
2015-08-28,111.09
2015-08-29,98.57
2015-08-30,136.68
2015-08-31,148.91
2015-09-01,123.82
2015-09-02,113.3
2015-09-03,120.95
2015-09-04,119.12
2015-09-05,136.13
2015-09-06,127.53
2015-09-07,121.0
2015-09-08,117.41
2015-09-09,115.2
2015-09-10,98.72
2015-09-11,109.51
2015-09-12,131.73
2015-09-13,144.44
2015-09-14,102.79
2015-09-15,72.51
2015-09-16,87.75
2015-09-17,81.44
2015-09-18,107.66
2015-09-19,128.61
2015-09-20,127.8
2015-09-21,145.5
2015-09-22,111.2
2015-09-23,99.93
2015-09-24,108.59
2015-09-25,97.78
2015-09-26,146.08
2015-09-27,133.22
2015-09-28,133.6
2015-09-29,90.13
2015-09-30,72.12
2015-10-01,111.6
2015-10-02,120.68
2015-10-03,117.21
2015-10-04,121.64
2015-10-05,140.84
2015-10-06,88.87
2015-10-07,120.64
2015-10-08,86.49
2015-10-09,125.35
2015-10-10,126.63
2015-10-11,144.64
2015-10-12,116.78
2015-10-13,105.34
2015-10-14,97.77
2015-10-15,86.2
2015-10-16,128.2
2015-10-17,125.26
2015-10-18,133.64
2015-10-19,111.59
2015-10-20,70.98
2015-10-21,96.01
2015-10-22,139.22
2015-10-23,130.74
2015-10-24,134.63
2015-10-25,135.16
2015-10-26,128.96
2015-10-27,119.82
2015-10-28,83.43
2015-10-29,122.09
2015-10-30,132.12
2015-10-31,148.18
2015-11-01,148.25
2015-11-02,131.55
2015-11-03,124.41
2015-11-04,112.8
2015-11-05,102.92
2015-11-06,115.71
2015-11-07,141.93
2015-11-08,167.97
2015-11-09,115.8
2015-11-10,95.5
2015-11-11,109.66
2015-11-12,112.32
2015-11-13,130.3
2015-11-14,147.52
2015-11-15,144.91
2015-11-16,160.32
2015-11-17,97.15
2015-11-18,98.47
2015-11-19,113.77
2015-11-20,106.88
2015-11-21,145.1
2015-11-22,177.11
2015-11-23,142.27
2015-11-24,128.67
2015-11-25,96.09
2015-11-26,110.22
2015-11-27,130.1
2015-11-28,147.22
2015-11-29,175.71
2015-11-30,154.67
2015-12-01,112.92
2015-12-02,123.12
2015-12-03,131.42
2015-12-04,157.34
2015-12-05,180.26
2015-12-06,145.86
2015-12-07,138.78
2015-12-08,115.4
2015-12-09,120.62
2015-12-10,135.68
2015-12-11,159.83
2015-12-12,160.22
2015-12-13,161.13
2015-12-14,158.09
2015-12-15,126.64
2015-12-16,160.4
2015-12-17,109.52
2015-12-18,152.77
2015-12-19,196.71
2015-12-20,171.04
2015-12-21,158.0
2015-12-22,138.86
2015-12-23,131.43
2015-12-24,159.32
2015-12-25,121.92
2015-12-26,194.47
2015-12-27,154.71
2015-12-28,161.98
2015-12-29,142.93
2015-12-30,148.11
2015-12-31,119.91
2016-01-01,167.19
2016-01-02,207.0
2016-01-03,160.79
2016-01-04,174.0
2016-01-05,144.6
2016-01-06,150.84
2016-01-07,149.33
2016-01-08,155.79
2016-01-09,189.1
2016-01-10,213.44
2016-01-11,173.42
2016-01-12,170.44
2016-01-13,130.15
2016-01-14,139.79
2016-01-15,177.57
2016-01-16,209.1
2016-01-17,196.74
2016-01-18,176.6
2016-01-19,164.63
2016-01-20,135.77
2016-01-21,168.15
2016-01-22,188.65
2016-01-23,184.95
2016-01-24,189.23
2016-01-25,190.13
2016-01-26,162.9
2016-01-27,158.31
2016-01-28,195.32
2016-01-29,176.42
2016-01-30,191.03
2016-01-31,191.2
2016-02-01,201.9
2016-02-02,171.3
2016-02-03,154.08
2016-02-04,188.12
2016-02-05,205.85
2016-02-06,191.79
2016-02-07,177.26
2016-02-08,210.14
2016-02-09,167.99
2016-02-10,179.88
2016-02-11,142.9
2016-02-12,202.04
2016-02-13,186.67
2016-02-14,220.21
2016-02-15,199.18
2016-02-16,167.83
2016-02-17,165.73
2016-02-18,186.51
2016-02-19,193.94
2016-02-20,217.25
2016-02-21,242.48
2016-02-22,179.02
2016-02-23,209.86
2016-02-24,176.8
2016-02-25,166.06
2016-02-26,175.66
2016-02-27,208.85
2016-02-28,229.79
2016-02-29,203.64
2016-03-01,211.26
2016-03-02,156.39
2016-03-03,182.22
2016-03-04,179.62
2016-03-05,219.85
2016-03-06,231.9
2016-03-07,201.8
2016-03-08,152.02
2016-03-09,183.56
2016-03-10,191.29
2016-03-11,206.73
2016-03-12,235.12
2016-03-13,204.65
2016-03-14,220.35
2016-03-15,210.93
2016-03-16,155.77
2016-03-17,191.33
2016-03-18,194.82
2016-03-19,217.0
2016-03-20,227.49
2016-03-21,204.32
2016-03-22,184.3
2016-03-23,184.28
2016-03-24,171.47
2016-03-25,187.25
2016-03-26,229.49
2016-03-27,206.03
2016-03-28,222.53
2016-03-29,202.2
2016-03-30,158.63
2016-03-31,178.27
2016-04-01,222.03
2016-04-02,205.07
2016-04-03,216.71
2016-04-04,219.8
2016-04-05,207.26
2016-04-06,180.91
2016-04-07,179.55
2016-04-08,225.45
2016-04-09,245.79
2016-04-10,238.19
2016-04-11,213.9
2016-04-12,183.06
2016-04-13,171.81
2016-04-14,195.86
2016-04-15,209.82
2016-04-16,240.07
2016-04-17,232.53
2016-04-18,189.25
2016-04-19,210.06
2016-04-20,168.31
2016-04-21,181.2
2016-04-22,206.15
2016-04-23,247.77
2016-04-24,268.12
2016-04-25,219.53
2016-04-26,190.08
2016-04-27,189.78
2016-04-28,198.67
2016-04-29,195.91
2016-04-30,243.01
2016-05-01,223.1
2016-05-02,215.99
2016-05-03,200.84
2016-05-04,186.04
2016-05-05,195.82
2016-05-06,189.28
2016-05-07,205.44
2016-05-08,200.82
2016-05-09,212.72
2016-05-10,200.07
2016-05-11,184.05
2016-05-12,205.76
2016-05-13,195.79
2016-05-14,221.12
2016-05-15,198.15
2016-05-16,197.47
2016-05-17,195.91
2016-05-18,186.94
2016-05-19,173.2
2016-05-20,191.71
2016-05-21,185.17
2016-05-22,205.97
2016-05-23,213.37
2016-05-24,190.79
2016-05-25,178.35
2016-05-26,174.93
2016-05-27,189.41
2016-05-28,194.51
2016-05-29,218.23
2016-05-30,202.71
2016-05-31,185.88
2016-06-01,159.24
2016-06-02,138.13
2016-06-03,201.97
2016-06-04,193.4
2016-06-05,190.93
2016-06-06,202.88
2016-06-07,168.66
2016-06-08,179.03
2016-06-09,175.66
2016-06-10,191.7
2016-06-11,176.0
2016-06-12,217.93
2016-06-13,192.24
2016-06-14,164.82
2016-06-15,161.07
2016-06-16,135.52
2016-06-17,183.32
2016-06-18,176.76
2016-06-19,175.15
2016-06-20,161.16
2016-06-21,182.7
2016-06-22,145.12
2016-06-23,180.79
2016-06-24,164.75
2016-06-25,162.18
2016-06-26,174.27
2016-06-27,198.1
2016-06-28,159.23
2016-06-29,141.88
2016-06-30,155.73
2016-07-01,175.86
2016-07-02,200.09
2016-07-03,208.28
2016-07-04,169.7
2016-07-05,137.21
2016-07-06,139.44
2016-07-07,152.78
2016-07-08,149.42
2016-07-09,164.52
2016-07-10,187.27
2016-07-11,169.93
2016-07-12,153.17
2016-07-13,129.86
2016-07-14,141.02
2016-07-15,145.63
2016-07-16,187.87
2016-07-17,193.29
2016-07-18,138.64
2016-07-19,134.43
2016-07-20,114.5
2016-07-21,130.46
2016-07-22,154.0
2016-07-23,148.56
2016-07-24,159.75
2016-07-25,147.12
2016-07-26,147.36
2016-07-27,133.89
2016-07-28,125.33
2016-07-29,153.88
2016-07-30,158.11
2016-07-31,165.55
2016-08-01,183.36
2016-08-02,160.47
2016-08-03,109.52
2016-08-04,144.8
2016-08-05,159.64
2016-08-06,145.38
2016-08-07,178.24
2016-08-08,177.71
2016-08-09,119.96
2016-08-10,111.73
2016-08-11,144.15
2016-08-12,148.12
2016-08-13,167.5
2016-08-14,167.75
2016-08-15,157.24
2016-08-16,113.69
2016-08-17,138.05
2016-08-18,143.33
2016-08-19,137.58
2016-08-20,155.6
2016-08-21,136.76
2016-08-22,156.24
2016-08-23,139.38
2016-08-24,118.68
2016-08-25,139.99
2016-08-26,133.41
2016-08-27,162.19
2016-08-28,141.97
2016-08-29,145.78
2016-08-30,125.86
2016-08-31,120.74
2016-09-01,115.39
2016-09-02,134.33
2016-09-03,164.07
2016-09-04,148.74
2016-09-05,120.13
2016-09-06,152.89
2016-09-07,136.33
2016-09-08,99.87
2016-09-09,145.04
2016-09-10,142.61
2016-09-11,157.79
2016-09-12,147.27
2016-09-13,121.83
2016-09-14,102.63
2016-09-15,107.76
2016-09-16,119.9
2016-09-17,136.69
2016-09-18,151.93
2016-09-19,131.3
2016-09-20,134.84
2016-09-21,136.04
2016-09-22,108.84
2016-09-23,136.74
2016-09-24,156.25
2016-09-25,159.69
2016-09-26,142.92
2016-09-27,135.58
2016-09-28,120.88
2016-09-29,98.98
2016-09-30,146.26
2016-10-01,162.23
2016-10-02,141.4
2016-10-03,142.68
2016-10-04,135.1
2016-10-05,111.0
2016-10-06,134.21
2016-10-07,169.34
2016-10-08,137.87
2016-10-09,132.96
2016-10-10,147.58
2016-10-11,136.67
2016-10-12,111.75
2016-10-13,141.07
2016-10-14,115.04
2016-10-15,161.38
2016-10-16,145.99
2016-10-17,170.29
2016-10-18,157.29
2016-10-19,105.35
2016-10-20,112.75
2016-10-21,149.82
2016-10-22,147.05
2016-10-23,156.35
2016-10-24,146.92
2016-10-25,100.72
2016-10-26,118.83
2016-10-27,112.91
2016-10-28,131.87
2016-10-29,176.93
2016-10-30,140.68
2016-10-31,161.3
2016-11-01,127.97
2016-11-02,117.56
2016-11-03,137.9
2016-11-04,147.22
2016-11-05,166.76
2016-11-06,177.04
2016-11-07,147.2
2016-11-08,126.1
2016-11-09,108.67
2016-11-10,116.93
2016-11-11,189.68
2016-11-12,180.27
2016-11-13,145.71
2016-11-14,135.85
2016-11-15,146.1
2016-11-16,136.8
2016-11-17,141.24
2016-11-18,145.39
2016-11-19,163.53
2016-11-20,174.77
2016-11-21,160.91
2016-11-22,109.57
2016-11-23,129.19
2016-11-24,124.34
2016-11-25,155.99
2016-11-26,214.39
2016-11-27,179.62
2016-11-28,159.21
2016-11-29,161.03
2016-11-30,144.27
2016-12-01,147.84
2016-12-02,166.94
2016-12-03,204.98
2016-12-04,161.7
2016-12-05,175.62
2016-12-06,137.94
2016-12-07,150.03
2016-12-08,132.47
2016-12-09,156.32
2016-12-10,174.48
2016-12-11,198.11
2016-12-12,187.13
2016-12-13,138.02
2016-12-14,147.42
2016-12-15,140.53
2016-12-16,148.65
2016-12-17,180.63
2016-12-18,183.84
2016-12-19,214.77
2016-12-20,168.24
2016-12-21,130.99
2016-12-22,147.78
2016-12-23,187.94
2016-12-24,220.31
2016-12-25,169.8
2016-12-26,155.3
2016-12-27,194.95
2016-12-28,162.64
2016-12-29,148.38
2016-12-30,185.79
2016-12-31,154.61
2017-01-01,198.8
2017-01-02,193.59
2017-01-03,185.91
2017-01-04,146.76
2017-01-05,167.85
2017-01-06,169.05
2017-01-07,203.13
2017-01-08,190.47
2017-01-09,187.68
2017-01-10,162.24
2017-01-11,176.85
2017-01-12,184.54
2017-01-13,184.5
2017-01-14,204.95
2017-01-15,187.22
2017-01-16,194.35
2017-01-17,181.44
2017-01-18,211.39
2017-01-19,159.96
2017-01-20,214.94
2017-01-21,224.25
2017-01-22,218.06
2017-01-23,230.09
2017-01-24,192.62
2017-01-25,182.73
2017-01-26,180.62
2017-01-27,216.07
2017-01-28,230.46
2017-01-29,209.14
2017-01-30,188.56
2017-01-31,188.59
2017-02-01,169.45
2017-02-02,184.98
2017-02-03,220.76
2017-02-04,211.59
2017-02-05,222.27
2017-02-06,213.56
2017-02-07,208.66
2017-02-08,151.99
2017-02-09,181.03
2017-02-10,209.51
2017-02-11,240.54
2017-02-12,219.58
2017-02-13,188.53
2017-02-14,209.16
2017-02-15,180.04
2017-02-16,176.11
2017-02-17,200.74
2017-02-18,223.48
2017-02-19,221.53
2017-02-20,187.18
2017-02-21,216.84
2017-02-22,212.16
2017-02-23,207.12
2017-02-24,196.37
2017-02-25,226.49
2017-02-26,233.7
2017-02-27,232.38
2017-02-28,216.47
2017-03-01,185.01
2017-03-02,201.51
2017-03-03,223.15
2017-03-04,254.13
2017-03-05,247.08
2017-03-06,237.87
2017-03-07,210.27
2017-03-08,219.67
2017-03-09,208.84
2017-03-10,205.71
2017-03-11,255.61
2017-03-12,249.17
2017-03-13,221.5
2017-03-14,203.86
2017-03-15,204.92
2017-03-16,211.52
2017-03-17,223.39
2017-03-18,240.95
2017-03-19,265.84
2017-03-20,245.78
2017-03-21,215.39
2017-03-22,215.99
2017-03-23,190.4
2017-03-24,227.63
2017-03-25,264.57
2017-03-26,238.14
2017-03-27,217.98
2017-03-28,203.65
2017-03-29,186.35
2017-03-30,194.86
2017-03-31,216.77
2017-04-01,216.93
2017-04-02,242.14
2017-04-03,244.64
2017-04-04,200.15
2017-04-05,225.73
2017-04-06,214.46
2017-04-07,237.87
2017-04-08,228.14
2017-04-09,254.64
2017-04-10,214.56
2017-04-11,226.87
2017-04-12,205.19
2017-04-13,214.68
2017-04-14,204.28
2017-04-15,224.0
2017-04-16,250.12
2017-04-17,215.98
2017-04-18,219.64
2017-04-19,181.21
2017-04-20,218.12
2017-04-21,202.36
2017-04-22,244.58
2017-04-23,249.33
2017-04-24,218.46
2017-04-25,220.05
2017-04-26,204.17
2017-04-27,195.79
2017-04-28,204.12
2017-04-29,205.17
2017-04-30,243.44
2017-05-01,203.61
2017-05-02,210.85
2017-05-03,194.34
2017-05-04,212.01
2017-05-05,212.6
2017-05-06,227.48
2017-05-07,246.91
2017-05-08,229.78
2017-05-09,211.77
2017-05-10,202.86
2017-05-11,176.26
2017-05-12,225.89
2017-05-13,238.95
2017-05-14,217.96
2017-05-15,218.3
2017-05-16,203.58
2017-05-17,190.89
2017-05-18,201.33
2017-05-19,232.97
2017-05-20,242.9
2017-05-21,210.37
2017-05-22,228.09
2017-05-23,220.84
2017-05-24,195.4
2017-05-25,209.32
2017-05-26,238.26
2017-05-27,238.55
2017-05-28,230.27
2017-05-29,230.86
2017-05-30,199.47
2017-05-31,186.29
2017-06-01,183.97
2017-06-02,227.77
2017-06-03,207.12
2017-06-04,245.68
2017-06-05,218.8
2017-06-06,172.38
2017-06-07,187.49
2017-06-08,153.75
2017-06-09,209.68
2017-06-10,228.62
2017-06-11,209.72
2017-06-12,209.03
2017-06-13,218.53
2017-06-14,170.2
2017-06-15,165.15
2017-06-16,218.28
2017-06-17,240.51
2017-06-18,214.37
2017-06-19,218.04
2017-06-20,205.01
2017-06-21,162.3
2017-06-22,169.39
2017-06-23,210.14
2017-06-24,231.96
2017-06-25,218.35
2017-06-26,185.25
2017-06-27,210.26
2017-06-28,161.04
2017-06-29,167.2
2017-06-30,192.36
2017-07-01,225.53
2017-07-02,218.25
2017-07-03,200.21
2017-07-04,182.94
2017-07-05,165.19
2017-07-06,176.13
2017-07-07,144.82
2017-07-08,193.32
2017-07-09,204.61
2017-07-10,172.28
2017-07-11,177.35
2017-07-12,157.04
2017-07-13,189.68
2017-07-14,201.96
2017-07-15,186.4
2017-07-16,194.37
2017-07-17,184.09
2017-07-18,160.46
2017-07-19,158.73
2017-07-20,147.69
2017-07-21,157.14
2017-07-22,198.49
2017-07-23,201.86
2017-07-24,168.95
2017-07-25,176.51
2017-07-26,142.21
2017-07-27,158.77
2017-07-28,182.35
2017-07-29,184.61
2017-07-30,195.25
2017-07-31,169.31
2017-08-01,156.21
2017-08-02,144.71
2017-08-03,139.93
2017-08-04,163.59
2017-08-05,158.13
2017-08-06,177.35
2017-08-07,169.12
2017-08-08,151.7
2017-08-09,140.61
2017-08-10,146.68
2017-08-11,169.96
2017-08-12,191.06
2017-08-13,171.6
2017-08-14,152.03
2017-08-15,136.65
2017-08-16,133.71
2017-08-17,139.18
2017-08-18,148.13
2017-08-19,155.47
2017-08-20,171.53
2017-08-21,169.88
2017-08-22,158.35
2017-08-23,129.87
2017-08-24,135.54
2017-08-25,143.12
2017-08-26,171.84
2017-08-27,163.11
2017-08-28,173.29
2017-08-29,120.24
2017-08-30,130.51
2017-08-31,143.99
2017-09-01,157.59
2017-09-02,210.59
2017-09-03,179.04
2017-09-04,147.66
2017-09-05,143.69
2017-09-06,107.43
2017-09-07,136.51
2017-09-08,140.65
2017-09-09,182.32
2017-09-10,164.02
2017-09-11,159.52
2017-09-12,134.22
2017-09-13,158.86
2017-09-14,131.68
2017-09-15,179.5
2017-09-16,179.74
2017-09-17,178.52
2017-09-18,165.9
2017-09-19,148.84
2017-09-20,103.13
2017-09-21,131.66
2017-09-22,164.11
2017-09-23,166.3
2017-09-24,149.79
2017-09-25,159.25
2017-09-26,168.25
2017-09-27,150.58
2017-09-28,134.83
2017-09-29,165.7
2017-09-30,161.62
2017-10-01,145.48
2017-10-02,146.42
2017-10-03,166.46
2017-10-04,128.18
2017-10-05,132.6
2017-10-06,147.51
2017-10-07,196.34
2017-10-08,196.17
2017-10-09,194.39
2017-10-10,141.54
2017-10-11,137.71
2017-10-12,114.58
2017-10-13,175.32
2017-10-14,151.5
2017-10-15,176.35
2017-10-16,146.05
2017-10-17,136.57
2017-10-18,122.28
2017-10-19,129.85
2017-10-20,146.8
2017-10-21,162.59
2017-10-22,187.48
2017-10-23,147.89
2017-10-24,150.74
2017-10-25,155.22
2017-10-26,133.46
2017-10-27,146.38
2017-10-28,169.69
2017-10-29,195.09
2017-10-30,169.87
2017-10-31,142.03
2017-11-01,146.85
2017-11-02,127.33
2017-11-03,170.15
2017-11-04,182.14
2017-11-05,175.7
2017-11-06,157.37
2017-11-07,139.76
2017-11-08,150.74
2017-11-09,165.5
2017-11-10,153.64
2017-11-11,186.21
2017-11-12,152.41
2017-11-13,164.64
2017-11-14,156.12
2017-11-15,132.66
2017-11-16,136.66
2017-11-17,156.88
2017-11-18,187.48
2017-11-19,184.72
2017-11-20,143.72
2017-11-21,128.71
2017-11-22,141.19
2017-11-23,161.62
2017-11-24,129.78
2017-11-25,179.75
2017-11-26,183.84
2017-11-27,202.36
2017-11-28,159.04
2017-11-29,160.38
2017-11-30,161.26
2017-12-01,143.47
2017-12-02,203.25
2017-12-03,199.48
2017-12-04,193.72
2017-12-05,228.31
2017-12-06,128.01
2017-12-07,189.69
2017-12-08,175.83
2017-12-09,200.78
2017-12-10,200.34
2017-12-11,184.54
2017-12-12,165.71
2017-12-13,169.08
2017-12-14,145.96
2017-12-15,196.32
2017-12-16,195.18
2017-12-17,189.05
2017-12-18,189.15
2017-12-19,198.13
2017-12-20,161.15
2017-12-21,179.15
2017-12-22,179.17
2017-12-23,217.88
2017-12-24,221.39
2017-12-25,228.75
2017-12-26,181.77
2017-12-27,184.35
2017-12-28,180.39
2017-12-29,214.73
2017-12-30,200.88
2017-12-31,227.44
2018-01-01,203.26
2018-01-02,188.6
2018-01-03,180.86
2018-01-04,187.86
2018-01-05,198.71
2018-01-06,220.04
2018-01-07,245.09
2018-01-08,226.11
2018-01-09,207.74
2018-01-10,177.78
2018-01-11,175.86
2018-01-12,219.89
2018-01-13,235.05
2018-01-14,248.58
2018-01-15,207.33
2018-01-16,196.3
2018-01-17,165.04
2018-01-18,188.31
2018-01-19,225.48
2018-01-20,219.87
2018-01-21,241.02
2018-01-22,218.43
2018-01-23,209.47
2018-01-24,177.25
2018-01-25,200.28
2018-01-26,170.44
2018-01-27,228.8
2018-01-28,211.67
2018-01-29,244.05
2018-01-30,220.91
2018-01-31,206.07
2018-02-01,226.38
2018-02-02,205.59
2018-02-03,262.29
2018-02-04,254.54
2018-02-05,226.8
2018-02-06,230.63
2018-02-07,186.77
2018-02-08,195.44
2018-02-09,214.9
2018-02-10,232.3
2018-02-11,228.81
2018-02-12,252.74
2018-02-13,213.7
2018-02-14,212.58
2018-02-15,203.13
2018-02-16,200.54
2018-02-17,248.05
2018-02-18,219.68
2018-02-19,237.0
2018-02-20,200.64
2018-02-21,240.63
2018-02-22,228.82
2018-02-23,232.83
2018-02-24,266.28
2018-02-25,238.93
2018-02-26,249.38
2018-02-27,227.29
2018-02-28,217.84
2018-03-01,237.23
2018-03-02,245.15
2018-03-03,254.51
2018-03-04,229.58
2018-03-05,229.54
2018-03-06,225.09
2018-03-07,217.85
2018-03-08,203.68
2018-03-09,272.76
2018-03-10,275.27
2018-03-11,265.7
2018-03-12,247.21
2018-03-13,225.86
2018-03-14,204.2
2018-03-15,223.75
2018-03-16,242.33
2018-03-17,235.69
2018-03-18,263.41
2018-03-19,245.44
2018-03-20,201.99
2018-03-21,207.05
2018-03-22,217.78
2018-03-23,268.09
2018-03-24,263.9
2018-03-25,239.52
2018-03-26,256.14
2018-03-27,208.39
2018-03-28,237.11
2018-03-29,217.75
2018-03-30,239.12
2018-03-31,276.1
2018-04-01,240.82
2018-04-02,228.38
2018-04-03,223.25
2018-04-04,236.77
2018-04-05,202.27
2018-04-06,198.2
2018-04-07,249.53
2018-04-08,268.4
2018-04-09,267.26
2018-04-10,224.89
2018-04-11,214.78
2018-04-12,242.04
2018-04-13,212.22
2018-04-14,249.97
2018-04-15,262.4
2018-04-16,255.34
2018-04-17,223.45
2018-04-18,220.65
2018-04-19,186.5
2018-04-20,229.42
2018-04-21,261.54
2018-04-22,243.67
2018-04-23,248.26
2018-04-24,236.51
2018-04-25,213.62
2018-04-26,224.93
2018-04-27,223.32
2018-04-28,250.04
2018-04-29,265.88
2018-04-30,247.98
2018-05-01,219.18
2018-05-02,220.22
2018-05-03,231.12
2018-05-04,204.97
2018-05-05,268.41
2018-05-06,249.5
2018-05-07,249.75
2018-05-08,243.61
2018-05-09,193.88
2018-05-10,207.3
2018-05-11,228.86
2018-05-12,236.67
2018-05-13,277.9
2018-05-14,227.79
2018-05-15,214.53
2018-05-16,214.67
2018-05-17,196.99
2018-05-18,224.28
2018-05-19,250.15
2018-05-20,243.79
2018-05-21,236.09
2018-05-22,211.71
2018-05-23,185.63
2018-05-24,216.53
2018-05-25,253.17
2018-05-26,242.24
2018-05-27,248.69
2018-05-28,244.36
2018-05-29,197.04
2018-05-30,230.26
2018-05-31,211.08
2018-06-01,247.61
2018-06-02,227.22
2018-06-03,268.79
2018-06-04,241.76
2018-06-05,220.5
2018-06-06,204.32
2018-06-07,200.36
2018-06-08,237.15
2018-06-09,236.29
2018-06-10,207.95
2018-06-11,209.28
2018-06-12,205.29
2018-06-13,201.3
2018-06-14,199.05
2018-06-15,233.21
2018-06-16,200.68
2018-06-17,235.35
2018-06-18,194.48
2018-06-19,215.17
2018-06-20,190.91
2018-06-21,201.85
2018-06-22,197.6
2018-06-23,244.76
2018-06-24,244.42
2018-06-25,226.09
2018-06-26,197.41
2018-06-27,196.59
2018-06-28,180.51
2018-06-29,218.95
2018-06-30,245.85
2018-07-01,240.39
2018-07-02,201.93
2018-07-03,200.3
2018-07-04,164.03
2018-07-05,195.23
2018-07-06,208.41
2018-07-07,188.6
2018-07-08,202.45
2018-07-09,204.18
2018-07-10,185.93
2018-07-11,160.85
2018-07-12,188.06
2018-07-13,201.01
2018-07-14,209.34
2018-07-15,204.16
2018-07-16,219.79
2018-07-17,210.93
2018-07-18,167.41
2018-07-19,168.74
2018-07-20,200.32
2018-07-21,202.62
2018-07-22,209.17
2018-07-23,210.95
2018-07-24,153.27
2018-07-25,190.28
2018-07-26,174.88
2018-07-27,182.69
2018-07-28,202.59
2018-07-29,206.67
2018-07-30,169.89
2018-07-31,200.38
2018-08-01,167.21
2018-08-02,176.56
2018-08-03,199.29
2018-08-04,184.82
2018-08-05,210.58
2018-08-06,188.13
2018-08-07,186.99
2018-08-08,131.06
2018-08-09,164.86
2018-08-10,172.46
2018-08-11,203.15
2018-08-12,207.11
2018-08-13,178.16
2018-08-14,160.29
2018-08-15,158.05
2018-08-16,149.69
2018-08-17,190.98
2018-08-18,188.03
2018-08-19,153.42
2018-08-20,180.18
2018-08-21,152.48
2018-08-22,132.39
2018-08-23,141.79
2018-08-24,177.26
2018-08-25,210.84
2018-08-26,199.12
2018-08-27,174.17
2018-08-28,172.43
2018-08-29,147.57
2018-08-30,147.6
2018-08-31,156.05
2018-09-01,162.44
2018-09-02,186.46
2018-09-03,183.6
2018-09-04,162.17
2018-09-05,146.32
2018-09-06,142.01
2018-09-07,180.73
2018-09-08,167.28
2018-09-09,202.35
2018-09-10,164.67
2018-09-11,150.88
2018-09-12,129.18
2018-09-13,147.38
2018-09-14,185.02
2018-09-15,193.64
2018-09-16,204.32
2018-09-17,186.55
2018-09-18,144.71
2018-09-19,145.4
2018-09-20,142.45
2018-09-21,189.69
2018-09-22,167.37
2018-09-23,202.56
2018-09-24,191.7
2018-09-25,188.38
2018-09-26,143.97
2018-09-27,164.67
2018-09-28,203.87
2018-09-29,176.06
2018-09-30,166.21
2018-10-01,150.27
2018-10-02,171.87
2018-10-03,122.2
2018-10-04,148.82
2018-10-05,176.7
2018-10-06,188.68
2018-10-07,196.27
2018-10-08,182.55
2018-10-09,181.19
2018-10-10,137.07
2018-10-11,145.24
2018-10-12,159.63
2018-10-13,199.51
2018-10-14,204.63
2018-10-15,187.3
2018-10-16,181.16
2018-10-17,135.16
2018-10-18,181.96
2018-10-19,195.71
2018-10-20,199.81
2018-10-21,219.65
2018-10-22,157.56
2018-10-23,157.5
2018-10-24,143.84
2018-10-25,169.89
2018-10-26,159.29
2018-10-27,202.4
2018-10-28,215.83
2018-10-29,195.25
2018-10-30,172.11
2018-10-31,142.62
2018-11-01,149.0
2018-11-02,196.5
2018-11-03,205.51
2018-11-04,197.54
2018-11-05,181.48
2018-11-06,140.46
2018-11-07,144.43
2018-11-08,193.51
2018-11-09,161.75
2018-11-10,199.93
2018-11-11,216.56
2018-11-12,172.32
2018-11-13,177.08
2018-11-14,178.09
2018-11-15,168.6
2018-11-16,227.63
2018-11-17,175.76
2018-11-18,221.1
2018-11-19,192.37
2018-11-20,189.77
2018-11-21,174.57
2018-11-22,161.41
2018-11-23,192.08
2018-11-24,177.02
2018-11-25,218.41
2018-11-26,203.64
2018-11-27,192.01
2018-11-28,188.12
2018-11-29,182.26
2018-11-30,195.25
2018-12-01,196.1
2018-12-02,203.16
2018-12-03,221.48
2018-12-04,208.54
2018-12-05,173.27
2018-12-06,182.08
2018-12-07,184.14
2018-12-08,231.62
2018-12-09,228.57
2018-12-10,237.58
2018-12-11,178.63
2018-12-12,176.02
2018-12-13,189.73
2018-12-14,212.3
2018-12-15,215.72
2018-12-16,210.44
2018-12-17,226.65
2018-12-18,207.62
2018-12-19,172.96
2018-12-20,211.63
2018-12-21,225.21
2018-12-22,226.04
2018-12-23,229.82
2018-12-24,226.85
2018-12-25,188.99
2018-12-26,192.28
2018-12-27,164.15
2018-12-28,225.95
2018-12-29,205.76
2018-12-30,256.33
2018-12-31,218.75
2019-01-01,203.91
2019-01-02,187.58
2019-01-03,197.28
2019-01-04,239.25
2019-01-05,197.03
2019-01-06,258.09
2019-01-07,233.92
2019-01-08,194.12
2019-01-09,186.01
2019-01-10,231.87
2019-01-11,208.9
2019-01-12,222.15
2019-01-13,261.09
2019-01-14,239.0
2019-01-15,203.21
2019-01-16,210.42
2019-01-17,196.36
2019-01-18,244.6
2019-01-19,260.34
2019-01-20,256.96
2019-01-21,244.27
2019-01-22,248.6
2019-01-23,212.04
2019-01-24,198.86
2019-01-25,239.64
2019-01-26,280.49
2019-01-27,238.5
2019-01-28,238.14
2019-01-29,233.1
2019-01-30,215.87
2019-01-31,206.45
2019-02-01,254.28
2019-02-02,288.52
2019-02-03,261.14
2019-02-04,234.43
2019-02-05,208.01
2019-02-06,224.89
2019-02-07,242.04
2019-02-08,248.83
2019-02-09,257.88
2019-02-10,253.51
2019-02-11,235.71
2019-02-12,247.81
2019-02-13,238.72
2019-02-14,206.23
2019-02-15,269.43
2019-02-16,270.35
2019-02-17,287.1
2019-02-18,235.66
2019-02-19,218.44
2019-02-20,226.36
2019-02-21,240.48
2019-02-22,275.98
2019-02-23,275.72
2019-02-24,265.8
2019-02-25,243.66
2019-02-26,260.58
2019-02-27,217.26
2019-02-28,260.42
2019-03-01,247.77
2019-03-02,291.91
2019-03-03,282.48
2019-03-04,259.79
2019-03-05,237.05
2019-03-06,229.25
2019-03-07,244.99
2019-03-08,255.68
2019-03-09,261.56
2019-03-10,272.15
2019-03-11,265.28
2019-03-12,215.1
2019-03-13,243.35
2019-03-14,225.9
2019-03-15,239.18
2019-03-16,247.04
2019-03-17,249.53
2019-03-18,245.49
2019-03-19,238.03
2019-03-20,267.34
2019-03-21,234.19
2019-03-22,260.54
2019-03-23,279.67
2019-03-24,279.64
2019-03-25,265.82
2019-03-26,231.81
2019-03-27,260.79
2019-03-28,270.09
2019-03-29,233.46
2019-03-30,259.05
2019-03-31,274.13
2019-04-01,253.09
2019-04-02,257.83
2019-04-03,228.52
2019-04-04,275.79
2019-04-05,276.81
2019-04-06,277.76
2019-04-07,293.82
2019-04-08,284.14
2019-04-09,241.69
2019-04-10,227.03
2019-04-11,244.24
2019-04-12,271.54
2019-04-13,276.25
2019-04-14,254.26
2019-04-15,254.94
2019-04-16,248.39
2019-04-17,237.4
2019-04-18,271.83
2019-04-19,236.93
2019-04-20,280.76
2019-04-21,299.19
2019-04-22,299.91
2019-04-23,242.21
2019-04-24,244.61
2019-04-25,249.42
2019-04-26,259.2
2019-04-27,270.17
2019-04-28,281.79
2019-04-29,226.18
2019-04-30,256.76
2019-05-01,237.3
2019-05-02,235.63
2019-05-03,285.0
2019-05-04,259.48
2019-05-05,267.09
2019-05-06,291.85
2019-05-07,231.78
2019-05-08,224.83
2019-05-09,234.37
2019-05-10,264.44
2019-05-11,270.19
2019-05-12,251.15
2019-05-13,251.33
2019-05-14,232.43
2019-05-15,229.13
2019-05-16,240.11
2019-05-17,255.19
2019-05-18,237.46
2019-05-19,283.46
2019-05-20,260.01
2019-05-21,259.16
2019-05-22,233.75
2019-05-23,246.98
2019-05-24,252.6
2019-05-25,280.93
2019-05-26,271.92
2019-05-27,251.28
2019-05-28,268.95
2019-05-29,236.85
2019-05-30,235.45
2019-05-31,222.79
2019-06-01,237.7
2019-06-02,264.72
2019-06-03,251.13
2019-06-04,221.82
2019-06-05,221.75
2019-06-06,246.75
2019-06-07,248.41
2019-06-08,235.91
2019-06-09,254.63
2019-06-10,232.81
2019-06-11,221.12
2019-06-12,209.31
2019-06-13,211.6
2019-06-14,214.97
2019-06-15,246.9
2019-06-16,243.65
2019-06-17,196.68
2019-06-18,253.44
2019-06-19,227.53
2019-06-20,208.79
2019-06-21,229.73
2019-06-22,226.88
2019-06-23,273.12
2019-06-24,264.69
2019-06-25,220.59
2019-06-26,222.13
2019-06-27,212.64
2019-06-28,204.95
2019-06-29,233.83
2019-06-30,245.21
2019-07-01,224.95
2019-07-02,210.49
2019-07-03,200.94
2019-07-04,204.33
2019-07-05,221.32
2019-07-06,219.63
2019-07-07,228.01
2019-07-08,208.04
2019-07-09,223.99
2019-07-10,166.29
2019-07-11,218.41
2019-07-12,236.91
2019-07-13,226.6
2019-07-14,195.32
2019-07-15,217.51
2019-07-16,204.0
2019-07-17,178.37
2019-07-18,189.05
2019-07-19,234.76
2019-07-20,236.82
2019-07-21,216.24
2019-07-22,194.73
2019-07-23,195.84
2019-07-24,186.14
2019-07-25,200.07
2019-07-26,199.66
2019-07-27,230.42
2019-07-28,255.07
2019-07-29,226.9
2019-07-30,196.04
2019-07-31,182.64
2019-08-01,183.36
2019-08-02,221.52
2019-08-03,209.5
2019-08-04,222.93
2019-08-05,211.68
2019-08-06,185.52
2019-08-07,161.13
2019-08-08,189.93
2019-08-09,199.32
2019-08-10,222.89
2019-08-11,210.77
2019-08-12,225.8
2019-08-13,176.52
2019-08-14,204.09
2019-08-15,155.61
2019-08-16,203.55
2019-08-17,219.37
2019-08-18,203.75
2019-08-19,210.82
2019-08-20,205.89
2019-08-21,142.24
2019-08-22,186.51
2019-08-23,156.84
2019-08-24,195.03
2019-08-25,237.46
2019-08-26,193.13
2019-08-27,166.56
2019-08-28,170.06
2019-08-29,207.59
2019-08-30,164.43
2019-08-31,191.48
2019-09-01,233.29
2019-09-02,227.61
2019-09-03,180.57
2019-09-04,152.47
2019-09-05,206.11
2019-09-06,214.0
2019-09-07,215.68
2019-09-08,196.97
2019-09-09,197.4
2019-09-10,178.19
2019-09-11,174.57
2019-09-12,195.07
2019-09-13,201.98
2019-09-14,188.12
2019-09-15,228.66
2019-09-16,201.78
2019-09-17,189.92
2019-09-18,190.7
2019-09-19,155.81
2019-09-20,187.51
2019-09-21,195.65
2019-09-22,183.92
2019-09-23,201.78
2019-09-24,216.88
2019-09-25,140.77
2019-09-26,171.75
2019-09-27,197.49
2019-09-28,205.39
2019-09-29,205.74
2019-09-30,177.18
2019-10-01,182.86
2019-10-02,157.27
2019-10-03,139.71
2019-10-04,206.21
2019-10-05,218.41
2019-10-06,208.79
2019-10-07,200.76
2019-10-08,196.23
2019-10-09,172.81
2019-10-10,187.03
2019-10-11,184.82
2019-10-12,224.79
2019-10-13,213.98
2019-10-14,201.47
2019-10-15,162.38
2019-10-16,175.15
2019-10-17,162.47
2019-10-18,181.27
2019-10-19,194.52
2019-10-20,194.9
2019-10-21,232.23
2019-10-22,203.28
2019-10-23,201.6
2019-10-24,158.64
2019-10-25,194.02
2019-10-26,189.53
2019-10-27,202.72
2019-10-28,188.93
2019-10-29,204.32
2019-10-30,169.35
2019-10-31,195.57
2019-11-01,204.66
2019-11-02,246.2
2019-11-03,193.75
2019-11-04,224.44
2019-11-05,205.84
2019-11-06,163.68
2019-11-07,197.72
2019-11-08,203.77
2019-11-09,211.43
2019-11-10,206.84
2019-11-11,198.1
2019-11-12,222.79
2019-11-13,181.75
2019-11-14,197.87
2019-11-15,190.44
2019-11-16,206.79
2019-11-17,239.14
2019-11-18,192.4
2019-11-19,189.64
2019-11-20,186.13
2019-11-21,191.74
2019-11-22,203.61
2019-11-23,228.47
2019-11-24,237.4
2019-11-25,227.82
2019-11-26,185.27
2019-11-27,185.61
2019-11-28,212.28
2019-11-29,224.06
2019-11-30,206.33
2019-12-01,236.71
2019-12-02,191.6
2019-12-03,205.28
2019-12-04,222.89
2019-12-05,184.74
2019-12-06,202.76
2019-12-07,243.06
2019-12-08,213.0
2019-12-09,216.53
2019-12-10,218.3
2019-12-11,189.72
2019-12-12,200.26
2019-12-13,231.31
2019-12-14,242.82
2019-12-15,245.07
2019-12-16,225.88
2019-12-17,219.88
2019-12-18,202.38
2019-12-19,215.69
2019-12-20,217.73
2019-12-21,238.81
2019-12-22,231.29
2019-12-23,235.53
2019-12-24,207.27
2019-12-25,192.64
2019-12-26,217.83
2019-12-27,233.51
2019-12-28,258.44
2019-12-29,244.83
2019-12-30,247.33
2019-12-31,232.86
2020-01-01,221.19
2020-01-02,206.73
2020-01-03,237.73
2020-01-04,257.32
2020-01-05,256.57
2020-01-06,215.08
2020-01-07,232.16
2020-01-08,252.85
2020-01-09,218.85
2020-01-10,229.69
2020-01-11,262.58
2020-01-12,266.25
2020-01-13,269.35
2020-01-14,215.96
2020-01-15,235.69
2020-01-16,238.15
2020-01-17,243.5
2020-01-18,267.05
2020-01-19,281.98
2020-01-20,269.5
2020-01-21,222.6
2020-01-22,241.92
2020-01-23,233.19
2020-01-24,251.57
2020-01-25,267.88
2020-01-26,269.06
2020-01-27,279.03
2020-01-28,243.2
2020-01-29,217.5
2020-01-30,232.89
2020-01-31,257.75
2020-02-01,289.78
2020-02-02,284.88
2020-02-03,252.87
2020-02-04,286.17
2020-02-05,242.65
2020-02-06,262.27
2020-02-07,257.09
2020-02-08,283.59
2020-02-09,292.62
2020-02-10,288.05
2020-02-11,268.85
2020-02-12,255.8
2020-02-13,242.4
2020-02-14,254.73
2020-02-15,284.46
2020-02-16,297.85
2020-02-17,270.2
2020-02-18,272.67
2020-02-19,268.15
2020-02-20,236.97
2020-02-21,254.27
2020-02-22,280.82
2020-02-23,291.86
2020-02-24,269.01
2020-02-25,280.24
2020-02-26,255.92
2020-02-27,254.43
2020-02-28,248.35
2020-02-29,266.18
2020-03-01,294.39
2020-03-02,247.74
2020-03-03,277.93
2020-03-04,249.9
2020-03-05,305.13
2020-03-06,307.07
2020-03-07,285.69
2020-03-08,290.99
2020-03-09,297.0
2020-03-10,290.55
2020-03-11,229.89
2020-03-12,231.8
2020-03-13,265.16
2020-03-14,299.11
2020-03-15,301.92
2020-03-16,299.91
2020-03-17,248.73
2020-03-18,221.36
2020-03-19,273.02
2020-03-20,263.54
2020-03-21,261.49
2020-03-22,297.96
2020-03-23,297.0
2020-03-24,266.05
2020-03-25,250.31
2020-03-26,258.75
2020-03-27,271.32
2020-03-28,272.37
2020-03-29,285.81
2020-03-30,293.58
2020-03-31,273.28
2020-04-01,260.19
2020-04-02,246.63
2020-04-03,274.48
2020-04-04,260.18
2020-04-05,299.37
2020-04-06,307.28
2020-04-07,246.34
2020-04-08,248.8
2020-04-09,266.33
2020-04-10,295.75
2020-04-11,285.79
2020-04-12,285.89
2020-04-13,255.82
2020-04-14,269.43
2020-04-15,287.56
2020-04-16,264.81
2020-04-17,275.8
2020-04-18,296.44
2020-04-19,295.13
2020-04-20,272.1
2020-04-21,279.09
2020-04-22,259.1
2020-04-23,259.62
2020-04-24,260.13
2020-04-25,309.71
2020-04-26,303.74
2020-04-27,274.39
2020-04-28,280.09
2020-04-29,246.49
2020-04-30,245.8
2020-05-01,261.47
2020-05-02,261.62
2020-05-03,298.8
2020-05-04,253.1
2020-05-05,244.44
2020-05-06,220.56
2020-05-07,253.91
2020-05-08,268.21
2020-05-09,280.82
2020-05-10,273.55
2020-05-11,260.39
2020-05-12,267.17
2020-05-13,240.71
2020-05-14,257.15
2020-05-15,254.33
2020-05-16,285.52
2020-05-17,305.77
2020-05-18,283.73
2020-05-19,250.93
2020-05-20,249.68
2020-05-21,245.59
2020-05-22,264.47
2020-05-23,274.61
2020-05-24,280.38
2020-05-25,274.7
2020-05-26,238.74
2020-05-27,227.06
2020-05-28,224.8
2020-05-29,236.73
2020-05-30,257.57
2020-05-31,281.53
2020-06-01,254.37
2020-06-02,257.55
2020-06-03,238.98
2020-06-04,212.22
2020-06-05,266.64
2020-06-06,284.03
2020-06-07,260.24
2020-06-08,270.04
2020-06-09,232.94
2020-06-10,235.83
2020-06-11,218.66
2020-06-12,225.76
2020-06-13,261.94
2020-06-14,269.08
2020-06-15,253.53
2020-06-16,223.76
2020-06-17,224.08
2020-06-18,237.36
2020-06-19,247.66
2020-06-20,266.07
2020-06-21,256.52
2020-06-22,272.69
2020-06-23,219.48
2020-06-24,232.98
2020-06-25,246.63
2020-06-26,251.11
2020-06-27,255.86
2020-06-28,254.2
2020-06-29,266.2
2020-06-30,211.32
2020-07-01,206.66
2020-07-02,218.47
2020-07-03,257.99
2020-07-04,260.13
2020-07-05,243.13
2020-07-06,241.55
2020-07-07,219.0
2020-07-08,206.11
2020-07-09,234.67
2020-07-10,214.42
2020-07-11,274.14
2020-07-12,265.67
2020-07-13,258.17
2020-07-14,216.89
2020-07-15,210.14
2020-07-16,194.15
2020-07-17,222.8
2020-07-18,253.11
2020-07-19,268.4
2020-07-20,220.93
2020-07-21,214.11
2020-07-22,205.91
2020-07-23,190.52
2020-07-24,235.38
2020-07-25,230.72
2020-07-26,241.94
2020-07-27,226.7
2020-07-28,203.72
2020-07-29,204.08
2020-07-30,204.27
2020-07-31,217.02
2020-08-01,226.77
2020-08-02,245.82
2020-08-03,254.49
2020-08-04,213.91
2020-08-05,215.42
2020-08-06,182.98
2020-08-07,221.34
2020-08-08,217.66
2020-08-09,215.35
2020-08-10,215.12
2020-08-11,226.27
2020-08-12,211.36
2020-08-13,204.17
2020-08-14,192.72
2020-08-15,227.97
2020-08-16,238.88
2020-08-17,225.75
2020-08-18,177.7
2020-08-19,180.78
2020-08-20,196.65
2020-08-21,220.91
2020-08-22,195.19
2020-08-23,229.2
2020-08-24,222.6
2020-08-25,215.5
2020-08-26,202.0
2020-08-27,203.88
2020-08-28,198.47
2020-08-29,197.18
2020-08-30,223.47
2020-08-31,233.29
2020-09-01,221.54
2020-09-02,200.22
2020-09-03,199.61
2020-09-04,214.26
2020-09-05,215.63
2020-09-06,225.67
2020-09-07,241.62
2020-09-08,184.9
2020-09-09,212.25
2020-09-10,186.89
2020-09-11,227.07
2020-09-12,201.57
2020-09-13,235.19
2020-09-14,204.4
2020-09-15,176.75
2020-09-16,190.33
2020-09-17,205.96
2020-09-18,193.7
2020-09-19,199.45
2020-09-20,224.36
2020-09-21,213.56
2020-09-22,205.71
2020-09-23,200.88
2020-09-24,189.59
2020-09-25,233.96
2020-09-26,225.13
2020-09-27,220.46
2020-09-28,190.7
2020-09-29,193.62
2020-09-30,181.75
2020-10-01,205.14
2020-10-02,213.39
2020-10-03,204.49
2020-10-04,228.73
2020-10-05,225.52
2020-10-06,221.14
2020-10-07,200.86
2020-10-08,202.97
2020-10-09,208.26
2020-10-10,229.0
2020-10-11,245.97
2020-10-12,196.61
2020-10-13,194.22
2020-10-14,177.27
2020-10-15,198.64
2020-10-16,227.29
2020-10-17,215.78
2020-10-18,193.01
2020-10-19,212.14
2020-10-20,214.96
2020-10-21,198.8
2020-10-22,201.34
2020-10-23,206.67
2020-10-24,207.66
2020-10-25,238.78
2020-10-26,208.07
2020-10-27,236.36
2020-10-28,201.71
2020-10-29,188.69
2020-10-30,204.27
2020-10-31,228.09
2020-11-01,230.17
2020-11-02,240.12
2020-11-03,209.25
2020-11-04,185.11
2020-11-05,228.76
2020-11-06,217.24
2020-11-07,244.15
2020-11-08,227.84
2020-11-09,232.08
2020-11-10,214.45
2020-11-11,171.13
2020-11-12,234.09
2020-11-13,239.38
2020-11-14,230.24
2020-11-15,224.07
2020-11-16,235.55
2020-11-17,214.85
2020-11-18,208.63
2020-11-19,210.61
2020-11-20,231.55
2020-11-21,261.9
2020-11-22,253.17
2020-11-23,218.69
2020-11-24,238.13
2020-11-25,232.1
2020-11-26,259.26
2020-11-27,211.4
2020-11-28,248.17
2020-11-29,217.81
2020-11-30,247.17
2020-12-01,213.95
2020-12-02,240.86
2020-12-03,204.92
2020-12-04,207.51
2020-12-05,242.1
2020-12-06,224.08
2020-12-07,254.85
2020-12-08,195.94
2020-12-09,217.22
2020-12-10,190.19
2020-12-11,232.89
2020-12-12,278.69
2020-12-13,264.02
2020-12-14,235.55
2020-12-15,231.4
2020-12-16,222.03
2020-12-17,233.44
2020-12-18,222.21
2020-12-19,267.96
2020-12-20,223.1
2020-12-21,244.13
2020-12-22,229.63
2020-12-23,236.37
2020-12-24,231.8
2020-12-25,226.75
2020-12-26,249.44
2020-12-27,271.79
2020-12-28,257.54
2020-12-29,233.43
2020-12-30,224.82
2020-12-31,247.07
2021-01-01,245.24
2021-01-02,268.06
2021-01-03,306.53
2021-01-04,242.54
2021-01-05,219.49
2021-01-06,248.94
2021-01-07,231.6
2021-01-08,253.37
2021-01-09,262.79
2021-01-10,275.2
2021-01-11,292.97
2021-01-12,264.39
2021-01-13,255.19
2021-01-14,225.59
2021-01-15,245.91
2021-01-16,236.94
2021-01-17,271.95
2021-01-18,288.32
2021-01-19,265.06
2021-01-20,243.86
2021-01-21,251.4
2021-01-22,257.72
2021-01-23,287.44
2021-01-24,300.39
2021-01-25,254.51
2021-01-26,266.55
2021-01-27,265.88
2021-01-28,250.18
2021-01-29,283.2
2021-01-30,331.18
2021-01-31,291.89
2021-02-01,289.17
2021-02-02,255.46
2021-02-03,259.04
2021-02-04,267.7
2021-02-05,279.95
2021-02-06,277.96
2021-02-07,300.8
2021-02-08,309.4
2021-02-09,277.41
2021-02-10,274.85
2021-02-11,261.28
2021-02-12,292.27
2021-02-13,301.38
2021-02-14,287.32
2021-02-15,296.06
2021-02-16,259.57
2021-02-17,254.63
2021-02-18,271.32
2021-02-19,289.06
2021-02-20,282.88
2021-02-21,320.85
2021-02-22,303.26
2021-02-23,267.2
2021-02-24,244.33
2021-02-25,269.51
2021-02-26,281.04
2021-02-27,305.48
2021-02-28,302.59
2021-03-01,267.49
2021-03-02,274.8
2021-03-03,265.59
2021-03-04,283.89
2021-03-05,279.9
2021-03-06,331.52
2021-03-07,281.85
2021-03-08,319.69
2021-03-09,279.6
2021-03-10,285.33
2021-03-11,277.78
2021-03-12,309.58
2021-03-13,302.57
2021-03-14,296.01
2021-03-15,323.21
2021-03-16,283.06
2021-03-17,277.48
2021-03-18,296.74
2021-03-19,278.56
2021-03-20,318.79
2021-03-21,305.04
2021-03-22,301.23
2021-03-23,287.09
2021-03-24,252.81
2021-03-25,267.61
2021-03-26,315.3
2021-03-27,324.06
2021-03-28,313.77
2021-03-29,307.61
2021-03-30,282.25
2021-03-31,296.24
2021-04-01,276.78
2021-04-02,298.92
2021-04-03,328.28
2021-04-04,303.3
2021-04-05,327.5
2021-04-06,263.79
2021-04-07,300.33
2021-04-08,274.11
2021-04-09,291.64
2021-04-10,282.49
2021-04-11,307.8
2021-04-12,288.11
2021-04-13,277.13
2021-04-14,273.25
2021-04-15,293.41
2021-04-16,297.65
2021-04-17,314.64
2021-04-18,297.29
2021-04-19,289.52
2021-04-20,312.17
2021-04-21,263.14
2021-04-22,302.67
2021-04-23,289.6
2021-04-24,308.69
2021-04-25,328.33
2021-04-26,320.28
2021-04-27,281.92
2021-04-28,266.67
2021-04-29,275.23
2021-04-30,296.49
2021-05-01,320.12
2021-05-02,310.36
2021-05-03,308.44
2021-05-04,306.04
2021-05-05,276.02
2021-05-06,278.49
2021-05-07,266.31
2021-05-08,264.89
2021-05-09,313.66
2021-05-10,295.2
2021-05-11,271.15
2021-05-12,271.29
2021-05-13,270.18
2021-05-14,303.22
2021-05-15,302.79
2021-05-16,293.72
2021-05-17,308.5
2021-05-18,272.58
2021-05-19,272.45
2021-05-20,260.78
2021-05-21,273.34
2021-05-22,299.5
2021-05-23,301.8
2021-05-24,297.48
2021-05-25,268.39
2021-05-26,233.53
2021-05-27,257.92
2021-05-28,291.43
2021-05-29,290.16
2021-05-30,294.24
2021-05-31,301.37
2021-06-01,257.98
2021-06-02,234.14
2021-06-03,258.17
2021-06-04,268.38
2021-06-05,276.21
2021-06-06,291.35
2021-06-07,289.95
2021-06-08,264.49
2021-06-09,257.82
2021-06-10,283.68
2021-06-11,266.37
2021-06-12,290.72
2021-06-13,282.16
2021-06-14,265.67
2021-06-15,251.62
2021-06-16,241.77
2021-06-17,257.59
2021-06-18,302.44
2021-06-19,271.48
2021-06-20,279.2
2021-06-21,273.05
2021-06-22,261.95
2021-06-23,248.51
2021-06-24,267.05
2021-06-25,226.39
2021-06-26,241.98
2021-06-27,273.57
2021-06-28,286.01
2021-06-29,228.07
2021-06-30,194.98
2021-07-01,251.89
2021-07-02,261.98
2021-07-03,256.97
2021-07-04,261.76
2021-07-05,250.54
2021-07-06,248.76
2021-07-07,226.25
2021-07-08,246.28
2021-07-09,211.06
2021-07-10,256.04
2021-07-11,255.23
2021-07-12,256.83
2021-07-13,234.63
2021-07-14,243.23
2021-07-15,206.62
2021-07-16,250.22
2021-07-17,272.94
2021-07-18,295.67
2021-07-19,249.17
2021-07-20,243.31
2021-07-21,199.97
2021-07-22,194.42
2021-07-23,258.02
2021-07-24,260.32
2021-07-25,281.37
2021-07-26,231.7
2021-07-27,242.18
2021-07-28,251.03
2021-07-29,232.6
2021-07-30,245.54
2021-07-31,256.61
2021-08-01,236.25
2021-08-02,268.79
2021-08-03,221.42
2021-08-04,226.81
2021-08-05,199.15
2021-08-06,220.04
2021-08-07,274.39
2021-08-08,251.03
2021-08-09,266.74
2021-08-10,225.94
2021-08-11,188.19
2021-08-12,232.61
2021-08-13,225.56
2021-08-14,260.09
2021-08-15,253.41
2021-08-16,218.64
2021-08-17,226.48
2021-08-18,245.73
2021-08-19,223.65
2021-08-20,230.63
2021-08-21,262.88
2021-08-22,253.4
2021-08-23,242.2
2021-08-24,204.98
2021-08-25,213.7
2021-08-26,229.25
2021-08-27,216.49
2021-08-28,265.72
2021-08-29,246.54
2021-08-30,223.49
2021-08-31,234.13
2021-09-01,203.77
2021-09-02,223.07
2021-09-03,222.68
2021-09-04,241.56
2021-09-05,253.49
2021-09-06,239.41
2021-09-07,187.55
2021-09-08,189.65
2021-09-09,224.09
2021-09-10,223.63
2021-09-11,233.23
2021-09-12,224.41
2021-09-13,217.64
2021-09-14,186.02
2021-09-15,203.89
2021-09-16,200.19
2021-09-17,210.21
2021-09-18,239.24
2021-09-19,249.51
2021-09-20,264.57
2021-09-21,193.09
2021-09-22,222.3
2021-09-23,223.35
2021-09-24,212.69
2021-09-25,243.06
2021-09-26,237.02
2021-09-27,235.87
2021-09-28,238.41
2021-09-29,214.08
2021-09-30,216.54
2021-10-01,218.17
2021-10-02,218.08
2021-10-03,241.17
2021-10-04,251.68
2021-10-05,193.44
2021-10-06,189.83
2021-10-07,211.55
2021-10-08,210.68
2021-10-09,229.36
2021-10-10,238.94
2021-10-11,214.17
2021-10-12,202.89
2021-10-13,217.44
2021-10-14,191.37
2021-10-15,202.88
2021-10-16,233.28
2021-10-17,257.83
2021-10-18,233.34
2021-10-19,212.25
2021-10-20,209.36
2021-10-21,186.67
2021-10-22,236.22
2021-10-23,250.52
2021-10-24,242.82
2021-10-25,253.57
2021-10-26,204.57
2021-10-27,227.95
2021-10-28,217.59
2021-10-29,226.25
2021-10-30,247.03
2021-10-31,249.99
2021-11-01,259.5
2021-11-02,208.12
2021-11-03,202.45
2021-11-04,233.74
2021-11-05,225.36
2021-11-06,263.9
2021-11-07,280.22
2021-11-08,238.37
2021-11-09,237.75
2021-11-10,199.91
2021-11-11,232.91
2021-11-12,240.74
2021-11-13,261.01
2021-11-14,248.63
2021-11-15,223.12
2021-11-16,238.79
2021-11-17,190.03
2021-11-18,220.65
2021-11-19,255.74
2021-11-20,260.73
2021-11-21,291.53
2021-11-22,267.46
2021-11-23,225.53
2021-11-24,225.54
2021-11-25,228.9
2021-11-26,222.14
2021-11-27,248.04
2021-11-28,258.23
2021-11-29,225.93
2021-11-30,240.48
2021-12-01,225.87
2021-12-02,209.03
2021-12-03,256.5
2021-12-04,277.48
2021-12-05,274.69
2021-12-06,256.28
2021-12-07,253.35
2021-12-08,244.55
2021-12-09,243.52
2021-12-10,242.87
2021-12-11,275.73
2021-12-12,294.09
2021-12-13,257.09
2021-12-14,280.87
2021-12-15,231.41
2021-12-16,244.37
2021-12-17,250.15
2021-12-18,279.95
2021-12-19,255.06
2021-12-20,262.91
2021-12-21,238.09
2021-12-22,246.42
2021-12-23,263.9
2021-12-24,275.05
2021-12-25,246.15
2021-12-26,316.96
2021-12-27,280.67
2021-12-28,247.98
2021-12-29,251.9
2021-12-30,256.79
2021-12-31,260.52
2022-01-01,289.86
2022-01-02,282.38
2022-01-03,275.34
2022-01-04,254.5
2022-01-05,233.21
2022-01-06,261.49
2022-01-07,284.45
2022-01-08,299.76
2022-01-09,308.92
2022-01-10,291.39
2022-01-11,261.9
2022-01-12,272.39
2022-01-13,244.01
2022-01-14,267.21
2022-01-15,282.61
2022-01-16,317.84
2022-01-17,305.66
2022-01-18,282.18
2022-01-19,280.82
2022-01-20,256.11
2022-01-21,290.85
2022-01-22,300.06
2022-01-23,319.18
2022-01-24,294.6
2022-01-25,273.87
2022-01-26,277.6
2022-01-27,287.15
2022-01-28,280.27
2022-01-29,305.66
2022-01-30,295.2
2022-01-31,263.42
2022-02-01,287.17
2022-02-02,283.1
2022-02-03,282.37
2022-02-04,265.44
2022-02-05,305.66
2022-02-06,282.1
2022-02-07,325.68
2022-02-08,272.07
2022-02-09,296.94
2022-02-10,296.72
2022-02-11,285.22
2022-02-12,297.92
2022-02-13,324.56
2022-02-14,296.35
2022-02-15,293.72
2022-02-16,274.63
2022-02-17,259.52
2022-02-18,268.91
2022-02-19,321.89
2022-02-20,314.41
2022-02-21,304.18
2022-02-22,306.02
2022-02-23,302.81
2022-02-24,285.42
2022-02-25,300.46
2022-02-26,329.13
2022-02-27,305.54
2022-02-28,318.82
2022-03-01,306.78
2022-03-02,298.26
2022-03-03,263.24
2022-03-04,296.86
2022-03-05,311.09
2022-03-06,329.96
2022-03-07,325.17
2022-03-08,323.37
2022-03-09,282.97
2022-03-10,287.09
2022-03-11,327.71
2022-03-12,330.82
2022-03-13,349.51
2022-03-14,324.25
2022-03-15,285.44
2022-03-16,272.2
2022-03-17,273.0
2022-03-18,322.04
2022-03-19,345.76
2022-03-20,359.71
2022-03-21,333.96
2022-03-22,321.56
2022-03-23,284.73
2022-03-24,280.08
2022-03-25,325.93
2022-03-26,335.19
2022-03-27,334.49
2022-03-28,327.95
2022-03-29,309.71
2022-03-30,313.35
2022-03-31,317.43
2022-04-01,321.84
2022-04-02,342.02
2022-04-03,340.92
2022-04-04,315.47
2022-04-05,316.37
2022-04-06,273.26
2022-04-07,313.81
2022-04-08,295.67
2022-04-09,333.46
2022-04-10,320.28
2022-04-11,330.36
2022-04-12,304.1
2022-04-13,269.76
2022-04-14,303.74
2022-04-15,304.26
2022-04-16,341.65
2022-04-17,332.16
2022-04-18,327.09
2022-04-19,289.26
2022-04-20,283.78
2022-04-21,289.41
2022-04-22,324.57
2022-04-23,352.3
2022-04-24,318.69
2022-04-25,335.86
2022-04-26,269.56
2022-04-27,273.11
2022-04-28,280.23
2022-04-29,289.68
2022-04-30,301.55
2022-05-01,335.06
2022-05-02,314.52
2022-05-03,305.75
2022-05-04,299.26
2022-05-05,296.4
2022-05-06,317.57
2022-05-07,321.94
2022-05-08,308.66
2022-05-09,331.14
2022-05-10,288.69
2022-05-11,272.27
2022-05-12,287.09
2022-05-13,291.29
2022-05-14,313.93
2022-05-15,328.78
2022-05-16,317.58
2022-05-17,281.08
2022-05-18,275.95
2022-05-19,302.78
2022-05-20,309.27
2022-05-21,348.11
2022-05-22,338.06
2022-05-23,326.2
2022-05-24,270.36
2022-05-25,291.31
2022-05-26,282.4
2022-05-27,290.04
2022-05-28,315.93
2022-05-29,330.91
2022-05-30,312.89
2022-05-31,274.29
2022-06-01,287.23
2022-06-02,269.83
2022-06-03,297.72
2022-06-04,304.98
2022-06-05,309.54
2022-06-06,312.91
2022-06-07,267.87
2022-06-08,301.24
2022-06-09,248.02
2022-06-10,281.41
2022-06-11,310.96
2022-06-12,317.43
2022-06-13,295.73
2022-06-14,278.4
2022-06-15,273.99
2022-06-16,267.61
2022-06-17,306.98
2022-06-18,313.69
2022-06-19,317.43
2022-06-20,278.39
2022-06-21,273.71
2022-06-22,258.94
2022-06-23,251.59
2022-06-24,287.08
2022-06-25,288.61
2022-06-26,309.73
2022-06-27,272.39
2022-06-28,296.24
2022-06-29,245.55
2022-06-30,265.5
2022-07-01,289.09
2022-07-02,283.65
2022-07-03,308.22
2022-07-04,265.54
2022-07-05,287.77
2022-07-06,254.74
2022-07-07,248.81
2022-07-08,268.28
2022-07-09,299.9
2022-07-10,282.24
2022-07-11,268.32
2022-07-12,258.25
2022-07-13,232.48
2022-07-14,280.69
2022-07-15,259.9
2022-07-16,295.9
2022-07-17,289.82
2022-07-18,260.48
2022-07-19,257.2
2022-07-20,257.63
2022-07-21,246.32
2022-07-22,282.08
2022-07-23,294.56
2022-07-24,296.3
2022-07-25,264.23
2022-07-26,237.0
2022-07-27,232.61
2022-07-28,248.06
2022-07-29,268.38
2022-07-30,242.71
2022-07-31,278.48
2022-08-01,269.62
2022-08-02,245.2
2022-08-03,257.38
2022-08-04,247.69
2022-08-05,276.14
2022-08-06,268.38
2022-08-07,289.05
2022-08-08,288.2
2022-08-09,265.51
2022-08-10,218.16
2022-08-11,234.13
2022-08-12,247.94
2022-08-13,275.64
2022-08-14,282.02
2022-08-15,247.88
2022-08-16,243.7
2022-08-17,201.15
2022-08-18,256.53
2022-08-19,242.45
2022-08-20,266.23
2022-08-21,264.22
2022-08-22,274.87
2022-08-23,197.4
2022-08-24,228.54
2022-08-25,230.72
2022-08-26,240.8
2022-08-27,288.82
2022-08-28,253.16
2022-08-29,266.93
2022-08-30,243.04
2022-08-31,245.52
2022-09-01,220.18
2022-09-02,234.57
2022-09-03,277.39
2022-09-04,270.95
2022-09-05,230.35
2022-09-06,227.86
2022-09-07,230.71
2022-09-08,241.15
2022-09-09,233.85
2022-09-10,215.78
2022-09-11,271.05
2022-09-12,233.92
2022-09-13,204.47
2022-09-14,181.3
2022-09-15,239.73
2022-09-16,244.99
2022-09-17,255.21
2022-09-18,283.21
2022-09-19,261.05
2022-09-20,258.32
2022-09-21,202.31
2022-09-22,226.51
2022-09-23,218.39
2022-09-24,254.83
2022-09-25,258.4
2022-09-26,260.72
2022-09-27,234.67
2022-09-28,232.55
2022-09-29,237.66
2022-09-30,275.13
2022-10-01,253.78
2022-10-02,248.34
2022-10-03,255.42
2022-10-04,222.45
2022-10-05,246.01
2022-10-06,223.52
2022-10-07,235.07
2022-10-08,252.27
2022-10-09,274.14
2022-10-10,250.36
2022-10-11,225.93
2022-10-12,249.91
2022-10-13,216.16
2022-10-14,245.4
2022-10-15,270.52
2022-10-16,240.38
2022-10-17,261.49
2022-10-18,221.37
2022-10-19,239.0
2022-10-20,216.37
2022-10-21,257.14
2022-10-22,279.28
2022-10-23,279.8
2022-10-24,260.16
2022-10-25,235.91
2022-10-26,220.27
2022-10-27,255.21
2022-10-28,238.67
2022-10-29,249.63
2022-10-30,279.43
2022-10-31,247.09
2022-11-01,227.84
2022-11-02,210.05
2022-11-03,228.76
2022-11-04,250.84
2022-11-05,271.83
2022-11-06,286.78
2022-11-07,270.07
2022-11-08,242.43
2022-11-09,231.99
2022-11-10,246.98
2022-11-11,274.57
2022-11-12,273.53
2022-11-13,268.99
2022-11-14,250.85
2022-11-15,227.26
2022-11-16,248.66
2022-11-17,251.76
2022-11-18,267.96
2022-11-19,273.59
2022-11-20,301.07
2022-11-21,262.47
2022-11-22,267.31
2022-11-23,242.19
2022-11-24,238.12
2022-11-25,272.39
2022-11-26,285.91
2022-11-27,289.61
2022-11-28,275.3
2022-11-29,256.8
2022-11-30,283.02
2022-12-01,269.48
2022-12-02,278.86
2022-12-03,286.0
2022-12-04,303.97
2022-12-05,286.49
2022-12-06,262.44
2022-12-07,247.36
2022-12-08,255.25
2022-12-09,225.24
2022-12-10,292.29
2022-12-11,286.37
2022-12-12,307.48
2022-12-13,267.23
2022-12-14,239.0
2022-12-15,260.67
2022-12-16,262.08
2022-12-17,301.23
2022-12-18,303.08
2022-12-19,302.99
2022-12-20,260.13
2022-12-21,262.42
2022-12-22,246.03
2022-12-23,293.4
2022-12-24,307.03
2022-12-25,311.28
2022-12-26,293.78
2022-12-27,283.36
2022-12-28,291.13
2022-12-29,267.38
2022-12-30,290.12
2022-12-31,288.12
2023-01-01,295.99
2023-01-02,300.39
2023-01-03,298.87
2023-01-04,268.38
2023-01-05,273.28
2023-01-06,287.09
2023-01-07,301.54
2023-01-08,318.57
2023-01-09,281.6
2023-01-10,306.64
2023-01-11,267.34
2023-01-12,292.74
2023-01-13,279.21
2023-01-14,324.65
2023-01-15,329.26
2023-01-16,314.84
2023-01-17,277.5
2023-01-18,286.04
2023-01-19,269.11
2023-01-20,299.4
2023-01-21,334.95
2023-01-22,336.01
2023-01-23,314.14
2023-01-24,282.61
2023-01-25,296.76
2023-01-26,291.89
2023-01-27,273.09
2023-01-28,335.92
2023-01-29,328.33
2023-01-30,336.55
2023-01-31,285.36
2023-02-01,243.95
2023-02-02,300.27
2023-02-03,316.7
2023-02-04,303.21
2023-02-05,318.36
2023-02-06,364.14
2023-02-07,301.45
2023-02-08,306.76
2023-02-09,290.47
2023-02-10,285.07
2023-02-11,330.06
2023-02-12,333.04
2023-02-13,320.74
2023-02-14,308.2
2023-02-15,303.58
2023-02-16,301.74
2023-02-17,301.17
2023-02-18,343.55
2023-02-19,311.37
2023-02-20,299.51
2023-02-21,324.46
2023-02-22,310.62
2023-02-23,306.46
2023-02-24,302.46
2023-02-25,328.84
2023-02-26,339.8
2023-02-27,309.39
2023-02-28,305.28
2023-03-01,315.72
2023-03-02,331.58
2023-03-03,319.89
2023-03-04,353.52
2023-03-05,317.67
2023-03-06,345.78
2023-03-07,306.8
2023-03-08,312.96
2023-03-09,308.8
2023-03-10,348.25
2023-03-11,331.24
2023-03-12,357.9
2023-03-13,333.73
2023-03-14,318.44
2023-03-15,307.47
2023-03-16,301.63
2023-03-17,329.95
2023-03-18,345.06
2023-03-19,353.67
2023-03-20,340.67
2023-03-21,334.18
2023-03-22,325.4
2023-03-23,299.79
2023-03-24,344.35
2023-03-25,329.28
2023-03-26,359.86
2023-03-27,349.61
2023-03-28,294.37
2023-03-29,313.69
2023-03-30,309.18
2023-03-31,320.51
2023-04-01,367.83
2023-04-02,341.65
2023-04-03,328.55
2023-04-04,324.42
2023-04-05,322.74
2023-04-06,314.17
2023-04-07,349.39
2023-04-08,355.45
2023-04-09,318.61
2023-04-10,332.45
2023-04-11,314.53
2023-04-12,319.23
2023-04-13,276.42
2023-04-14,369.55
2023-04-15,354.79
2023-04-16,352.78
2023-04-17,357.3
2023-04-18,357.21
2023-04-19,324.12
2023-04-20,328.97
2023-04-21,332.14
2023-04-22,343.48
2023-04-23,342.11
2023-04-24,325.81
2023-04-25,310.3
2023-04-26,289.28
2023-04-27,312.0
2023-04-28,303.23
2023-04-29,346.72
2023-04-30,346.88
2023-05-01,338.5
2023-05-02,310.8
2023-05-03,353.64
2023-05-04,331.42
2023-05-05,307.64
2023-05-06,345.09
2023-05-07,335.97
2023-05-08,318.69
2023-05-09,296.07
2023-05-10,311.44
2023-05-11,298.2
2023-05-12,338.17
2023-05-13,353.77
2023-05-14,362.91
2023-05-15,318.26
2023-05-16,320.38
2023-05-17,311.47
2023-05-18,298.27
2023-05-19,308.98
2023-05-20,359.86
2023-05-21,342.51
2023-05-22,337.33
2023-05-23,297.61
2023-05-24,280.32
2023-05-25,293.42
2023-05-26,315.22
2023-05-27,316.23
2023-05-28,335.38
2023-05-29,298.84
2023-05-30,289.47
2023-05-31,304.97
2023-06-01,307.27
2023-06-02,307.41
2023-06-03,313.09
2023-06-04,316.24
2023-06-05,314.65
2023-06-06,311.98
2023-06-07,304.83
2023-06-08,286.73
2023-06-09,291.92
2023-06-10,328.28
2023-06-11,315.17
2023-06-12,308.32
2023-06-13,318.01
2023-06-14,299.1
2023-06-15,292.31
2023-06-16,285.88
2023-06-17,323.15
2023-06-18,339.15
2023-06-19,306.13
2023-06-20,314.05
2023-06-21,301.72
2023-06-22,310.52
2023-06-23,305.14
2023-06-24,324.38
2023-06-25,340.01
2023-06-26,314.05
2023-06-27,281.82
2023-06-28,271.16
2023-06-29,284.69
2023-06-30,276.75
2023-07-01,308.95
2023-07-02,330.78
2023-07-03,270.0
2023-07-04,307.89
2023-07-05,290.25
2023-07-06,269.75
2023-07-07,299.8
2023-07-08,306.7
2023-07-09,328.34
2023-07-10,313.18
2023-07-11,259.45
2023-07-12,277.82
2023-07-13,269.17
2023-07-14,288.51
2023-07-15,291.37
2023-07-16,331.76
2023-07-17,309.71
2023-07-18,265.05
2023-07-19,244.71
2023-07-20,262.2
2023-07-21,289.55
2023-07-22,301.68
2023-07-23,320.15
2023-07-24,301.8
2023-07-25,286.57
2023-07-26,265.53
2023-07-27,243.09
2023-07-28,276.07
2023-07-29,309.99
2023-07-30,296.63
2023-07-31,293.58
2023-08-01,263.36
2023-08-02,241.34
2023-08-03,258.28
2023-08-04,279.88
2023-08-05,280.54
2023-08-06,290.2
2023-08-07,268.32
2023-08-08,281.36
2023-08-09,248.85
2023-08-10,278.45
2023-08-11,294.76
2023-08-12,285.79
2023-08-13,275.29
2023-08-14,247.87
2023-08-15,239.28
2023-08-16,229.51
2023-08-17,274.24
2023-08-18,270.53
2023-08-19,289.87
2023-08-20,254.2
2023-08-21,258.33
2023-08-22,271.88
2023-08-23,251.69
2023-08-24,248.69
2023-08-25,274.67
2023-08-26,306.04
2023-08-27,281.72
2023-08-28,274.95
2023-08-29,259.14
2023-08-30,281.01
2023-08-31,217.22
2023-09-01,274.33
2023-09-02,277.73
2023-09-03,291.57
2023-09-04,262.14
2023-09-05,253.68
2023-09-06,254.05
2023-09-07,293.73
2023-09-08,274.6
2023-09-09,265.21
